ReachID,SiteAction,HydroAction,Year,Watershed_Runoff_left,Watershed_Runoff_right,Hydrologic_Connection_left,Hydrologic_Connection_right,Streambank_Processes_left,Streambank_Processes_right,Energy_Nutrients_Sediment_left,Energy_Nutrients_Sediment_right,Riparian_Filtering_left,Riparian_Filtering_right,Lateral_Processes_left,Lateral_Processes_right,Longitudinal_Movement_Habitat_left,Longitudinal_Movement_Habitat_right,Plant_Community_left,Plant_Community_right,Canopy_Habitat_left,Canopy_Habitat_right,Understory_Habitat_left,Understory_Habitat_right,Floor_Habitat_left,Floor_Habitat_right,Stream_Habitat_left,Stream_Habitat_right,Riparian_Area_ac_left,Riparian_Area_ac_right,Peak_Discharge_cfs,W75_hr,W50_hr,Bank_Height_Ratio,Site_Velocity_ft_s,Reference_Velocity_ft_s,Reference_Area_ft2,Site_Area_ft2,Channel_Alteration,Channel_Stability_Evolution,Bank_Stability,Root_Depth_ft,Root_Density_per,Surface_Protection_per,Bank_Material,Bankfull_Mean_Depth_ft,Habitat_Available_Cover,Large_Wood,Velocity_Depth_Regime,Substrate_Deposition_Embeddedness,Aquatic_Organism_Passage,Material_Transport,Passage_Rate,Reach_Top_Width_ft,Reference_Top_Width_ft,Reach_Length_ft
17F2M,FWOP,None,0,2,1,1,1,1,3,1,1,1,1,1,1,1,1,1,1,1,1,1,1,1,1,1,1,0,0,278.4,11.45,15.5,10,6.682309503,3.608021265,55.12605276,186.88,1,15,19,0.5,20,20,Sandy loam,1.65156391,1,1,1,1,1,17,0.3635,70.89,50,1739.71248
17F2M,FWOP,None,2,2,1,1,1,1,3,1,1,1,1,1,1,1,1,1,1,1,1,1,1,1,1,1,1,0,0,278.4,11.45,15.5,10,6.682309503,3.608021265,55.12605276,186.88,1,15,19,0.5,20,20,Sandy loam,1.65156391,1,1,1,1,1,17,0.3635,70.89,50,1739.71248
17F2M,FWOP,None,10,2,1,1,1,1,3,1,1,1,1,1,1,1,1,1,1,1,1,1,1,1,1,1,1,0,0,278.4,11.45,15.5,10,6.682309503,3.608021265,55.12605276,186.88,1,15,19,0.5,20,20,Sandy loam,1.65156391,1,1,1,1,1,17,0.3635,70.89,50,1739.71248
17F2M,FWOP,None,50,2,1,1,1,1,3,1,1,1,1,1,1,1,1,1,1,1,1,1,1,1,1,1,1,0,0,278.4,11.45,15.5,10,6.682309503,3.608021265,55.12605276,186.88,1,15,19,0.5,20,20,Sandy loam,1.65156391,1,1,1,1,1,17,0.3635,70.89,50,1739.71248
17F2M,Alternative1,None,0,11,11,11,11,11,11,11,11,10,10,11,11,11,11,11,11,11,11,11,11,10,10,11,11,0,0,278.4,11.45,15.5,18,3.61,3.608021265,55.12605276,55.12605276,16,17,19,2,80,80,Sandy loam,1.65156391,14,13,17,18,17,17,0.3635,50,50,2000.669352
17F2M,Alternative1,None,2,11,11,11,11,11,11,11,11,11,11,11,11,11,11,11,11,11,11,11,11,11,11,11,11,1.080693297,1.080693297,278.4,11.45,15.5,18,3.61,3.608021265,55.12605276,55.12605276,16,17,19,2,80,80,Sandy loam,1.65156391,14,14,17,18,17,17,0.3635,50,50,2000.669352
17F2M,Alternative1,None,10,11,11,11,11,13,13,12,12,13,13,12,12,12,12,12,12,12,12,12,12,12,12,12,12,1.080693297,1.080693297,278.4,11.45,15.5,18,3.61,3.608021265,55.12605276,55.12605276,16,17,19,2,80,80,Sandy loam,1.65156391,15,14,17,18,17,17,0.3635,50,50,2000.669352
17F2M,Alternative1,None,50,11,11,11,11,13,13,13,13,12,12,13,13,13,13,13,13,13,13,13,13,13,13,12,12,1.080693297,1.080693297,278.4,11.45,15.5,18,3.61,3.608021265,55.12605276,55.12605276,16,17,19,2,80,80,Sandy loam,1.65156391,16,15,17,18,17,17,0.3635,50,50,2000.669352
17F2M,Alternative2,None,0,10,10,10,10,10,10,10,10,9,9,10,10,10,10,10,10,10,10,10,10,9,9,10,10,0,0,278.4,11.45,15.5,10,5,3.608021265,55.12605276,100,14,16,19,2,80,80,Sandy loam,1.65156391,14,10,12,13,13,17,0.3635,50,50,1739.71248
17F2M,Alternative2,None,2,10,10,10,10,10,10,10,10,10,10,10,10,10,10,10,10,10,10,10,10,10,10,10,10,0.389049587,0.389049587,278.4,11.45,15.5,10,5,3.608021265,55.12605276,100,14,16,19,2,80,80,Sandy loam,1.65156391,14,11,12,13,13,17,0.3635,50,50,1739.71248
17F2M,Alternative2,None,10,10,10,10,10,12,12,11,11,12,12,12,12,12,12,12,12,12,12,12,12,12,12,12,12,0.389049587,0.389049587,278.4,11.45,15.5,10,5,3.608021265,55.12605276,100,14,16,19,2,80,80,Sandy loam,1.65156391,15,12,12,13,13,17,0.3635,50,50,1739.71248
17F2M,Alternative2,None,50,10,10,10,10,12,12,12,12,11,11,12,12,12,12,12,12,12,12,12,12,12,12,12,12,0.389049587,0.389049587,278.4,11.45,15.5,10,5,3.608021265,55.12605276,100,14,16,19,2,80,80,Sandy loam,1.65156391,16,13,12,13,13,17,0.3635,50,50,1739.71248
17F2M,Alternative3,None,0,11,11,11,11,11,11,11,11,10,10,11,11,11,11,11,11,11,11,11,11,10,10,11,11,0,0,278.4,11.45,15.5,18,3.61,3.608021265,55.12605276,55.12605276,16,17,19,2,80,80,Sandy loam,1.65156391,14,15,18,18,18,17,0.3635,70.89,50,2000.669352
17F2M,Alternative3,None,2,11,11,11,11,11,11,11,11,11,11,11,11,11,11,11,11,11,11,11,11,11,11,11,11,2.67231405,2.67231405,278.4,11.45,15.5,18,3.61,3.608021265,55.12605276,55.12605276,16,17,19,2,80,80,Sandy loam,1.65156391,14,16,18,18,18,17,0.3635,70.89,50,2000.669352
17F2M,Alternative3,None,10,11,11,11,11,13,13,12,12,13,13,12,12,12,12,12,12,12,12,12,12,12,12,12,12,2.67231405,2.67231405,278.4,11.45,15.5,18,3.61,3.608021265,55.12605276,55.12605276,16,17,19,2,80,80,Sandy loam,1.65156391,16,17,18,18,18,17,0.3635,70.89,50,2000.669352
17F2M,Alternative3,None,50,11,11,11,11,13,13,13,13,12,12,13,13,13,13,13,13,13,13,13,13,13,13,12,12,2.67231405,2.67231405,278.4,11.45,15.5,18,3.61,3.608021265,55.12605276,55.12605276,16,17,19,2,80,80,Sandy loam,1.65156391,17,18,18,18,18,17,0.3635,70.89,50,2000.669352
17F2M,FWOP,Pond1,0,2,1,1,1,1,3,1,1,1,1,1,1,1,1,1,1,1,1,1,1,1,1,1,1,0,0,278.4,11.45,15.5,10,6.682309503,3.608021265,55.12605276,186.88,1,15,19,0.5,20,20,Sandy loam,1.65156391,1,1,1,1,1,17,0.3635,70.89,50,1739.71248
17F2M,FWOP,Pond1,2,2,1,1,1,1,3,1,1,1,1,1,1,1,1,1,1,1,1,1,1,1,1,1,1,0,0,278.4,11.45,15.5,10,6.682309503,3.608021265,55.12605276,186.88,1,15,19,0.5,20,20,Sandy loam,1.65156391,1,1,1,1,1,17,0.3635,70.89,50,1739.71248
17F2M,FWOP,Pond1,10,2,1,1,1,1,3,1,1,1,1,1,1,1,1,1,1,1,1,1,1,1,1,1,1,0,0,278.4,11.45,15.5,10,6.682309503,3.608021265,55.12605276,186.88,1,15,19,0.5,20,20,Sandy loam,1.65156391,1,1,1,1,1,17,0.3635,70.89,50,1739.71248
17F2M,FWOP,Pond1,50,2,1,1,1,1,3,1,1,1,1,1,1,1,1,1,1,1,1,1,1,1,1,1,1,0,0,278.4,11.45,15.5,10,6.682309503,3.608021265,55.12605276,186.88,1,15,19,0.5,20,20,Sandy loam,1.65156391,1,1,1,1,1,17,0.3635,70.89,50,1739.71248
17F2M,Alternative1,Pond1,0,11,11,11,11,11,11,11,11,10,10,11,11,11,11,11,11,11,11,11,11,10,10,11,11,0,0,278.4,11.45,15.5,18,3.61,3.608021265,55.12605276,55.12605276,16,17,19,2,80,80,Sandy loam,1.65156391,14,13,17,18,17,17,0.3635,50,50,2000.669352
17F2M,Alternative1,Pond1,2,11,11,11,11,11,11,11,11,11,11,11,11,11,11,11,11,11,11,11,11,11,11,11,11,1.080693297,1.080693297,278.4,11.45,15.5,18,3.61,3.608021265,55.12605276,55.12605276,16,17,19,2,80,80,Sandy loam,1.65156391,14,14,17,18,17,17,0.3635,50,50,2000.669352
17F2M,Alternative1,Pond1,10,11,11,11,11,13,13,12,12,13,13,12,12,12,12,12,12,12,12,12,12,12,12,12,12,1.080693297,1.080693297,278.4,11.45,15.5,18,3.61,3.608021265,55.12605276,55.12605276,16,17,19,2,80,80,Sandy loam,1.65156391,15,14,17,18,17,17,0.3635,50,50,2000.669352
17F2M,Alternative1,Pond1,50,11,11,11,11,13,13,13,13,12,12,13,13,13,13,13,13,13,13,13,13,13,13,12,12,1.080693297,1.080693297,278.4,11.45,15.5,18,3.61,3.608021265,55.12605276,55.12605276,16,17,19,2,80,80,Sandy loam,1.65156391,16,15,17,18,17,17,0.3635,50,50,2000.669352
17F2M,Alternative2,Pond1,0,10,10,10,10,10,10,10,10,9,9,10,10,10,10,10,10,10,10,10,10,9,9,10,10,0,0,278.4,11.45,15.5,10,5,3.608021265,55.12605276,100,14,16,19,2,80,80,Sandy loam,1.65156391,14,10,12,13,13,17,0.3635,50,50,1739.71248
17F2M,Alternative2,Pond1,2,10,10,10,10,10,10,10,10,10,10,10,10,10,10,10,10,10,10,10,10,10,10,10,10,0.389049587,0.389049587,278.4,11.45,15.5,10,5,3.608021265,55.12605276,100,14,16,19,2,80,80,Sandy loam,1.65156391,14,11,12,13,13,17,0.3635,50,50,1739.71248
17F2M,Alternative2,Pond1,10,10,10,10,10,12,12,11,11,12,12,12,12,12,12,12,12,12,12,12,12,12,12,12,12,0.389049587,0.389049587,278.4,11.45,15.5,10,5,3.608021265,55.12605276,100,14,16,19,2,80,80,Sandy loam,1.65156391,15,12,12,13,13,17,0.3635,50,50,1739.71248
17F2M,Alternative2,Pond1,50,10,10,10,10,12,12,12,12,11,11,12,12,12,12,12,12,12,12,12,12,12,12,12,12,0.389049587,0.389049587,278.4,11.45,15.5,10,5,3.608021265,55.12605276,100,14,16,19,2,80,80,Sandy loam,1.65156391,16,13,12,13,13,17,0.3635,50,50,1739.71248
17F2M,Alternative3,Pond1,0,11,11,11,11,11,11,11,11,10,10,11,11,11,11,11,11,11,11,11,11,10,10,11,11,0,0,278.4,11.45,15.5,18,3.61,3.608021265,55.12605276,55.12605276,16,17,19,2,80,80,Sandy loam,1.65156391,14,15,18,18,18,17,0.3635,70.89,50,2000.669352
17F2M,Alternative3,Pond1,2,11,11,11,11,11,11,11,11,11,11,11,11,11,11,11,11,11,11,11,11,11,11,11,11,2.67231405,2.67231405,278.4,11.45,15.5,18,3.61,3.608021265,55.12605276,55.12605276,16,17,19,2,80,80,Sandy loam,1.65156391,14,16,18,18,18,17,0.3635,70.89,50,2000.669352
17F2M,Alternative3,Pond1,10,11,11,11,11,13,13,12,12,13,13,12,12,12,12,12,12,12,12,12,12,12,12,12,12,2.67231405,2.67231405,278.4,11.45,15.5,18,3.61,3.608021265,55.12605276,55.12605276,16,17,19,2,80,80,Sandy loam,1.65156391,16,17,18,18,18,17,0.3635,70.89,50,2000.669352
17F2M,Alternative3,Pond1,50,11,11,11,11,13,13,13,13,12,12,13,13,13,13,13,13,13,13,13,13,13,13,12,12,2.67231405,2.67231405,278.4,11.45,15.5,18,3.61,3.608021265,55.12605276,55.12605276,16,17,19,2,80,80,Sandy loam,1.65156391,17,18,18,18,18,17,0.3635,70.89,50,2000.669352
17F2M,FWOP,Pond2,0,2,1,1,1,1,3,1,1,1,1,1,1,1,1,1,1,1,1,1,1,1,1,1,1,0,0,278.4,11.45,15.5,10,6.682309503,3.608021265,55.12605276,186.88,1,15,19,0.5,20,20,Sandy loam,1.65156391,1,1,1,1,1,17,0.3635,70.89,50,1739.71248
17F2M,FWOP,Pond2,2,2,1,1,1,1,3,1,1,1,1,1,1,1,1,1,1,1,1,1,1,1,1,1,1,0,0,278.4,11.45,15.5,10,6.682309503,3.608021265,55.12605276,186.88,1,15,19,0.5,20,20,Sandy loam,1.65156391,1,1,1,1,1,17,0.3635,70.89,50,1739.71248
17F2M,FWOP,Pond2,10,2,1,1,1,1,3,1,1,1,1,1,1,1,1,1,1,1,1,1,1,1,1,1,1,0,0,278.4,11.45,15.5,10,6.682309503,3.608021265,55.12605276,186.88,1,15,19,0.5,20,20,Sandy loam,1.65156391,1,1,1,1,1,17,0.3635,70.89,50,1739.71248
17F2M,FWOP,Pond2,50,2,1,1,1,1,3,1,1,1,1,1,1,1,1,1,1,1,1,1,1,1,1,1,1,0,0,278.4,11.45,15.5,10,6.682309503,3.608021265,55.12605276,186.88,1,15,19,0.5,20,20,Sandy loam,1.65156391,1,1,1,1,1,17,0.3635,70.89,50,1739.71248
17F2M,Alternative1,Pond2,0,11,11,11,11,11,11,11,11,10,10,11,11,11,11,11,11,11,11,11,11,10,10,11,11,0,0,278.4,11.45,15.5,18,3.61,3.608021265,55.12605276,55.12605276,16,17,19,2,80,80,Sandy loam,1.65156391,14,13,17,18,17,17,0.3635,50,50,2000.669352
17F2M,Alternative1,Pond2,2,11,11,11,11,11,11,11,11,11,11,11,11,11,11,11,11,11,11,11,11,11,11,11,11,1.080693297,1.080693297,278.4,11.45,15.5,18,3.61,3.608021265,55.12605276,55.12605276,16,17,19,2,80,80,Sandy loam,1.65156391,14,14,17,18,17,17,0.3635,50,50,2000.669352
17F2M,Alternative1,Pond2,10,11,11,11,11,13,13,12,12,13,13,12,12,12,12,12,12,12,12,12,12,12,12,12,12,1.080693297,1.080693297,278.4,11.45,15.5,18,3.61,3.608021265,55.12605276,55.12605276,16,17,19,2,80,80,Sandy loam,1.65156391,15,14,17,18,17,17,0.3635,50,50,2000.669352
17F2M,Alternative1,Pond2,50,11,11,11,11,13,13,13,13,12,12,13,13,13,13,13,13,13,13,13,13,13,13,12,12,1.080693297,1.080693297,278.4,11.45,15.5,18,3.61,3.608021265,55.12605276,55.12605276,16,17,19,2,80,80,Sandy loam,1.65156391,16,15,17,18,17,17,0.3635,50,50,2000.669352
17F2M,Alternative2,Pond2,0,10,10,10,10,10,10,10,10,9,9,10,10,10,10,10,10,10,10,10,10,9,9,10,10,0,0,278.4,11.45,15.5,10,5,3.608021265,55.12605276,100,14,16,19,2,80,80,Sandy loam,1.65156391,14,10,12,13,13,17,0.3635,50,50,1739.71248
17F2M,Alternative2,Pond2,2,10,10,10,10,10,10,10,10,10,10,10,10,10,10,10,10,10,10,10,10,10,10,10,10,0.389049587,0.389049587,278.4,11.45,15.5,10,5,3.608021265,55.12605276,100,14,16,19,2,80,80,Sandy loam,1.65156391,14,11,12,13,13,17,0.3635,50,50,1739.71248
17F2M,Alternative2,Pond2,10,10,10,10,10,12,12,11,11,12,12,12,12,12,12,12,12,12,12,12,12,12,12,12,12,0.389049587,0.389049587,278.4,11.45,15.5,10,5,3.608021265,55.12605276,100,14,16,19,2,80,80,Sandy loam,1.65156391,15,12,12,13,13,17,0.3635,50,50,1739.71248
17F2M,Alternative2,Pond2,50,10,10,10,10,12,12,12,12,11,11,12,12,12,12,12,12,12,12,12,12,12,12,12,12,0.389049587,0.389049587,278.4,11.45,15.5,10,5,3.608021265,55.12605276,100,14,16,19,2,80,80,Sandy loam,1.65156391,16,13,12,13,13,17,0.3635,50,50,1739.71248
17F2M,Alternative3,Pond2,0,11,11,11,11,11,11,11,11,10,10,11,11,11,11,11,11,11,11,11,11,10,10,11,11,0,0,278.4,11.45,15.5,18,3.61,3.608021265,55.12605276,55.12605276,16,17,19,2,80,80,Sandy loam,1.65156391,14,15,18,18,18,17,0.3635,70.89,50,2000.669352
17F2M,Alternative3,Pond2,2,11,11,11,11,11,11,11,11,11,11,11,11,11,11,11,11,11,11,11,11,11,11,11,11,2.67231405,2.67231405,278.4,11.45,15.5,18,3.61,3.608021265,55.12605276,55.12605276,16,17,19,2,80,80,Sandy loam,1.65156391,14,16,18,18,18,17,0.3635,70.89,50,2000.669352
17F2M,Alternative3,Pond2,10,11,11,11,11,13,13,12,12,13,13,12,12,12,12,12,12,12,12,12,12,12,12,12,12,2.67231405,2.67231405,278.4,11.45,15.5,18,3.61,3.608021265,55.12605276,55.12605276,16,17,19,2,80,80,Sandy loam,1.65156391,16,17,18,18,18,17,0.3635,70.89,50,2000.669352
17F2M,Alternative3,Pond2,50,11,11,11,11,13,13,13,13,12,12,13,13,13,13,13,13,13,13,13,13,13,13,12,12,2.67231405,2.67231405,278.4,11.45,15.5,18,3.61,3.608021265,55.12605276,55.12605276,16,17,19,2,80,80,Sandy loam,1.65156391,17,18,18,18,18,17,0.3635,70.89,50,2000.669352
17D2E,FWOP,None,0,5,2,5,1,3,1,8,3,6,7,4,1,4,6,2,7,7,5,5,13,4,1,3,3,6.633146182,8.613189818,447.4,11.36666667,15.4,10,6.234365237,3.673750973,71.13,176.05,1,19,19,2,20,40,Sandy loam,1.900152445,1,1,1,1,1,17,0.655457629,76.55,70,2156.26752
17D2E,FWOP,None,2,5,2,5,1,3,1,8,3,6,7,4,1,4,6,2,7,7,5,5,13,4,1,3,3,6.633146182,8.613189818,447.4,11.36666667,15.4,10,6.234365237,3.673750973,71.13,176.05,1,19,19,2,20,40,Sandy loam,1.900152445,1,1,1,1,1,17,0.655457629,76.55,70,2156.26752
17D2E,FWOP,None,10,5,2,5,1,3,1,8,3,6,7,4,1,4,6,2,7,7,5,5,13,4,1,3,3,6.633146182,8.613189818,447.4,11.36666667,15.4,10,6.234365237,3.673750973,71.13,176.05,1,19,19,2,20,40,Sandy loam,1.900152445,1,1,1,1,1,17,0.655457629,76.55,70,2156.26752
17D2E,FWOP,None,50,5,2,5,1,3,1,8,3,6,7,4,1,4,6,2,7,7,5,5,13,4,1,3,3,6.633146182,8.613189818,447.4,11.36666667,15.4,10,6.234365237,3.673750973,71.13,176.05,1,19,19,2,20,40,Sandy loam,1.900152445,1,1,1,1,1,17,0.655457629,76.55,70,2156.26752
17D2E,Alternative1,None,0,13,13,13,13,13,13,12,12,12,12,12,12,12,12,12,12,12,12,12,12,11,11,12,12,6.633146182,8.613189818,447.4,11.36666667,15.4,18,3.673750973,3.673750973,71.13,71.13,18,19,19,2,60,60,Sandy loam,1.900152445,16,15,18,18,18,18,0.655457629,70,70,2156.26752
17D2E,Alternative1,None,2,13,13,13,13,13,13,12,12,12,12,12,12,12,12,12,12,12,12,12,12,11,11,12,12,10.87132341,10.17680322,447.4,11.36666667,15.4,18,3.673750973,3.673750973,71.13,71.13,18,19,19,2,60,60,Sandy loam,1.900152445,16,16,18,18,18,18,0.655457629,70,70,2156.26752
17D2E,Alternative1,None,10,13,13,13,13,14,14,13,13,14,14,14,14,14,14,14,14,14,14,14,14,13,13,13,13,10.87132341,10.17680322,447.4,11.36666667,15.4,18,3.673750973,3.673750973,71.13,71.13,18,19,19,2,60,60,Sandy loam,1.900152445,17,16,18,18,18,18,0.655457629,70,70,2156.26752
17D2E,Alternative1,None,50,13,13,13,13,14,14,14,14,13,13,13,13,13,13,13,13,13,13,13,13,13,13,13,13,10.87132341,10.17680322,447.4,11.36666667,15.4,18,3.673750973,3.673750973,71.13,71.13,18,19,19,2,60,60,Sandy loam,1.900152445,18,15,18,18,18,18,0.655457629,70,70,2156.26752
17D2E,Alternative2,None,0,12,12,12,12,12,12,11,11,11,11,11,11,11,11,11,11,11,11,11,11,10,10,11,11,6.633146182,8.613189818,447.4,11.36666667,15.4,17,3.673750973,3.673750973,71.13,71.13,17,19,19,2,80,80,Sandy loam,1.900152445,14,13,17,18,17,18,0.655457629,70,70,2156.26752
17D2E,Alternative2,None,2,12,12,12,12,12,12,11,11,11,11,11,11,11,11,11,11,11,11,11,11,11,11,11,11,8.240125062,10.2201687,447.4,11.36666667,15.4,17,3.673750973,3.673750973,71.13,71.13,17,19,19,2,80,80,Sandy loam,1.900152445,14,14,17,18,17,18,0.655457629,70,70,2156.26752
17D2E,Alternative2,None,10,12,12,12,12,13,13,12,12,13,13,13,13,13,13,13,13,13,13,13,13,12,12,12,12,8.240125062,10.2201687,447.4,11.36666667,15.4,17,3.673750973,3.673750973,71.13,71.13,17,19,19,2,80,80,Sandy loam,1.900152445,15,14,17,18,17,18,0.655457629,70,70,2156.26752
17D2E,Alternative2,None,50,12,12,12,12,13,13,13,13,12,12,12,12,12,12,12,12,12,12,12,12,13,13,12,12,8.240125062,10.2201687,447.4,11.36666667,15.4,17,3.673750973,3.673750973,71.13,71.13,17,19,19,2,80,80,Sandy loam,1.900152445,16,15,17,18,17,18,0.655457629,70,70,2156.26752
17D2E,Alternative3,None,0,10,10,10,10,10,10,10,10,9,9,10,10,10,10,10,10,10,10,10,10,9,9,10,10,6.633146182,8.613189818,447.4,11.36666667,15.4,10,4.5,3.673750973,71.13,176.05,16,19,19,2,20,40,Sandy loam,1.900152445,14,10,12,13,13,15,0.655457629,70,70,2156.26752
17D2E,Alternative3,None,2,10,10,10,10,10,10,10,10,10,10,10,10,10,10,10,10,10,10,10,10,10,10,10,10,6.633146182,8.613189818,447.4,11.36666667,15.4,10,4.5,3.673750973,71.13,176.05,16,19,19,2,20,40,Sandy loam,1.900152445,14,11,12,13,13,15,0.655457629,70,70,2156.26752
17D2E,Alternative3,None,10,10,10,10,10,12,12,11,11,12,12,12,12,12,12,12,12,12,12,12,12,12,12,12,12,6.633146182,8.613189818,447.4,11.36666667,15.4,10,4.5,3.673750973,71.13,176.05,16,19,19,2,20,40,Sandy loam,1.900152445,15,12,12,13,13,15,0.655457629,70,70,2156.26752
17D2E,Alternative3,None,50,10,10,10,10,12,12,12,12,11,11,12,12,12,12,12,12,12,12,12,12,12,12,12,12,6.633146182,8.613189818,447.4,11.36666667,15.4,10,4.5,3.673750973,71.13,176.05,16,19,19,2,20,40,Sandy loam,1.900152445,16,13,12,13,13,15,0.655457629,70,70,2156.26752
17D2E,FWOP,Pond1,0,5,2,5,1,3,1,8,3,6,7,4,1,4,6,2,7,7,5,5,13,4,1,3,3,6.633146182,8.613189818,447.4,11.36666667,15.4,10,6.234365237,3.673750973,71.13,71.13,1,19,19,2,20,40,Sandy loam,1.900152445,1,1,1,1,1,17,0.655457629,76.55,70,2156.26752
17D2E,FWOP,Pond1,2,5,2,5,1,3,1,8,3,6,7,4,1,4,6,2,7,7,5,5,13,4,1,3,3,6.633146182,8.613189818,447.4,11.36666667,15.4,10,6.234365237,3.673750973,71.13,71.13,1,19,19,2,20,40,Sandy loam,1.900152445,1,1,1,1,1,17,0.655457629,76.55,70,2156.26752
17D2E,FWOP,Pond1,10,5,2,5,1,3,1,8,3,6,7,4,1,4,6,2,7,7,5,5,13,4,1,3,3,6.633146182,8.613189818,447.4,11.36666667,15.4,10,6.234365237,3.673750973,71.13,71.13,1,19,19,2,20,40,Sandy loam,1.900152445,1,1,1,1,1,17,0.655457629,76.55,70,2156.26752
17D2E,FWOP,Pond1,50,5,2,5,1,3,1,8,3,6,7,4,1,4,6,2,7,7,5,5,13,4,1,3,3,6.633146182,8.613189818,447.4,11.36666667,15.4,10,6.234365237,3.673750973,71.13,71.13,1,19,19,2,20,40,Sandy loam,1.900152445,1,1,1,1,1,17,0.655457629,76.55,70,2156.26752
17D2E,Alternative1,Pond1,0,13,13,13,13,13,13,12,12,12,12,12,12,12,12,12,12,12,12,12,12,11,11,12,12,6.633146182,8.613189818,447.4,11.36666667,15.4,18,3.673750973,3.673750973,71.13,71.13,18,19,19,2,60,60,Sandy loam,1.900152445,16,15,18,18,18,18,0.655457629,70,70,2156.26752
17D2E,Alternative1,Pond1,2,13,13,13,13,13,13,12,12,12,12,12,12,12,12,12,12,12,12,12,12,11,11,12,12,10.87132341,10.17680322,447.4,11.36666667,15.4,18,3.673750973,3.673750973,71.13,71.13,18,19,19,2,60,60,Sandy loam,1.900152445,16,16,18,18,18,18,0.655457629,70,70,2156.26752
17D2E,Alternative1,Pond1,10,13,13,13,13,14,14,13,13,14,14,14,14,14,14,14,14,14,14,14,14,13,13,13,13,10.87132341,10.17680322,447.4,11.36666667,15.4,18,3.673750973,3.673750973,71.13,71.13,18,19,19,2,60,60,Sandy loam,1.900152445,17,16,18,18,18,18,0.655457629,70,70,2156.26752
17D2E,Alternative1,Pond1,50,13,13,13,13,14,14,14,14,13,13,13,13,13,13,13,13,13,13,13,13,13,13,13,13,10.87132341,10.17680322,447.4,11.36666667,15.4,18,3.673750973,3.673750973,71.13,71.13,18,19,19,2,60,60,Sandy loam,1.900152445,18,15,18,18,18,18,0.655457629,70,70,2156.26752
17D2E,Alternative2,Pond1,0,12,12,12,12,12,12,11,11,11,11,11,11,11,11,11,11,11,11,11,11,10,10,11,11,6.633146182,8.613189818,447.4,11.36666667,15.4,17,3.673750973,3.673750973,71.13,176.05,17,19,19,2,80,80,Sandy loam,1.900152445,14,13,17,18,17,18,0.655457629,70,70,2156.26752
17D2E,Alternative2,Pond1,2,12,12,12,12,12,12,11,11,11,11,11,11,11,11,11,11,11,11,11,11,11,11,11,11,8.240125062,10.2201687,447.4,11.36666667,15.4,17,3.673750973,3.673750973,71.13,176.05,17,19,19,2,80,80,Sandy loam,1.900152445,14,14,17,18,17,18,0.655457629,70,70,2156.26752
17D2E,Alternative2,Pond1,10,12,12,12,12,13,13,12,12,13,13,13,13,13,13,13,13,13,13,13,13,12,12,12,12,8.240125062,10.2201687,447.4,11.36666667,15.4,17,3.673750973,3.673750973,71.13,176.05,17,19,19,2,80,80,Sandy loam,1.900152445,15,14,17,18,17,18,0.655457629,70,70,2156.26752
17D2E,Alternative2,Pond1,50,12,12,12,12,13,13,13,13,12,12,12,12,12,12,12,12,12,12,12,12,13,13,12,12,8.240125062,10.2201687,447.4,11.36666667,15.4,17,3.673750973,3.673750973,71.13,176.05,17,19,19,2,80,80,Sandy loam,1.900152445,16,15,17,18,17,18,0.655457629,70,70,2156.26752
17D2E,Alternative3,Pond1,0,10,10,10,10,10,10,10,10,9,9,10,10,10,10,10,10,10,10,10,10,9,9,10,10,6.633146182,8.613189818,447.4,11.36666667,15.4,10,4.5,3.673750973,71.13,176.05,16,19,19,2,20,40,Sandy loam,1.900152445,14,10,12,13,13,15,0.655457629,70,70,2156.26752
17D2E,Alternative3,Pond1,2,10,10,10,10,10,10,10,10,10,10,10,10,10,10,10,10,10,10,10,10,10,10,10,10,6.633146182,8.613189818,447.4,11.36666667,15.4,10,4.5,3.673750973,71.13,176.05,16,19,19,2,20,40,Sandy loam,1.900152445,14,11,12,13,13,15,0.655457629,70,70,2156.26752
17D2E,Alternative3,Pond1,10,10,10,10,10,12,12,11,11,12,12,12,12,12,12,12,12,12,12,12,12,12,12,12,12,6.633146182,8.613189818,447.4,11.36666667,15.4,10,4.5,3.673750973,71.13,176.05,16,19,19,2,20,40,Sandy loam,1.900152445,15,12,12,13,13,15,0.655457629,70,70,2156.26752
17D2E,Alternative3,Pond1,50,10,10,10,10,12,12,12,12,11,11,12,12,12,12,12,12,12,12,12,12,12,12,12,12,6.633146182,8.613189818,447.4,11.36666667,15.4,10,4.5,3.673750973,71.13,176.05,16,19,19,2,20,40,Sandy loam,1.900152445,16,13,12,13,13,15,0.655457629,70,70,2156.26752
17D2E,FWOP,Pond2,0,5,2,5,1,3,1,8,3,6,7,4,1,4,6,2,7,7,5,5,13,4,1,3,3,6.633146182,8.613189818,447.4,11.36666667,15.4,10,6.234365237,3.673750973,71.13,176.05,1,19,19,2,20,40,Sandy loam,1.900152445,1,1,1,1,1,17,0.655457629,76.55,70,2156.26752
17D2E,FWOP,Pond2,2,5,2,5,1,3,1,8,3,6,7,4,1,4,6,2,7,7,5,5,13,4,1,3,3,6.633146182,8.613189818,447.4,11.36666667,15.4,10,6.234365237,3.673750973,71.13,176.05,1,19,19,2,20,40,Sandy loam,1.900152445,1,1,1,1,1,17,0.655457629,76.55,70,2156.26752
17D2E,FWOP,Pond2,10,5,2,5,1,3,1,8,3,6,7,4,1,4,6,2,7,7,5,5,13,4,1,3,3,6.633146182,8.613189818,447.4,11.36666667,15.4,10,6.234365237,3.673750973,71.13,176.05,1,19,19,2,20,40,Sandy loam,1.900152445,1,1,1,1,1,17,0.655457629,76.55,70,2156.26752
17D2E,FWOP,Pond2,50,5,2,5,1,3,1,8,3,6,7,4,1,4,6,2,7,7,5,5,13,4,1,3,3,6.633146182,8.613189818,447.4,11.36666667,15.4,10,6.234365237,3.673750973,71.13,176.05,1,19,19,2,20,40,Sandy loam,1.900152445,1,1,1,1,1,17,0.655457629,76.55,70,2156.26752
17D2E,Alternative1,Pond2,0,13,13,13,13,13,13,12,12,12,12,12,12,12,12,12,12,12,12,12,12,11,11,12,12,6.633146182,8.613189818,447.4,11.36666667,15.4,18,3.673750973,3.673750973,71.13,71.13,18,19,19,2,60,60,Sandy loam,1.900152445,16,15,18,18,18,18,0.655457629,70,70,2156.26752
17D2E,Alternative1,Pond2,2,13,13,13,13,13,13,12,12,12,12,12,12,12,12,12,12,12,12,12,12,11,11,12,12,10.87132341,10.17680322,447.4,11.36666667,15.4,18,3.673750973,3.673750973,71.13,71.13,18,19,19,2,60,60,Sandy loam,1.900152445,16,16,18,18,18,18,0.655457629,70,70,2156.26752
17D2E,Alternative1,Pond2,10,13,13,13,13,14,14,13,13,14,14,14,14,14,14,14,14,14,14,14,14,13,13,13,13,10.87132341,10.17680322,447.4,11.36666667,15.4,18,3.673750973,3.673750973,71.13,71.13,18,19,19,2,60,60,Sandy loam,1.900152445,17,16,18,18,18,18,0.655457629,70,70,2156.26752
17D2E,Alternative1,Pond2,50,13,13,13,13,14,14,14,14,13,13,13,13,13,13,13,13,13,13,13,13,13,13,13,13,10.87132341,10.17680322,447.4,11.36666667,15.4,18,3.673750973,3.673750973,71.13,71.13,18,19,19,2,60,60,Sandy loam,1.900152445,18,15,18,18,18,18,0.655457629,70,70,2156.26752
17D2E,Alternative2,Pond2,0,12,12,12,12,12,12,11,11,11,11,11,11,11,11,11,11,11,11,11,11,10,10,11,11,6.633146182,8.613189818,447.4,11.36666667,15.4,17,3.673750973,3.673750973,71.13,71.13,17,19,19,2,80,80,Sandy loam,1.900152445,14,13,17,18,17,18,0.655457629,70,70,2156.26752
17D2E,Alternative2,Pond2,2,12,12,12,12,12,12,11,11,11,11,11,11,11,11,11,11,11,11,11,11,11,11,11,11,8.240125062,10.2201687,447.4,11.36666667,15.4,17,3.673750973,3.673750973,71.13,71.13,17,19,19,2,80,80,Sandy loam,1.900152445,14,14,17,18,17,18,0.655457629,70,70,2156.26752
17D2E,Alternative2,Pond2,10,12,12,12,12,13,13,12,12,13,13,13,13,13,13,13,13,13,13,13,13,12,12,12,12,8.240125062,10.2201687,447.4,11.36666667,15.4,17,3.673750973,3.673750973,71.13,71.13,17,19,19,2,80,80,Sandy loam,1.900152445,15,14,17,18,17,18,0.655457629,70,70,2156.26752
17D2E,Alternative2,Pond2,50,12,12,12,12,13,13,13,13,12,12,12,12,12,12,12,12,12,12,12,12,13,13,12,12,8.240125062,10.2201687,447.4,11.36666667,15.4,17,3.673750973,3.673750973,71.13,71.13,17,19,19,2,80,80,Sandy loam,1.900152445,16,15,17,18,17,18,0.655457629,70,70,2156.26752
17D2E,Alternative3,Pond2,0,10,10,10,10,10,10,10,10,9,9,10,10,10,10,10,10,10,10,10,10,9,9,10,10,6.633146182,8.613189818,447.4,11.36666667,15.4,10,4.5,3.673750973,71.13,176.05,16,19,19,2,20,40,Sandy loam,1.900152445,14,10,12,13,13,15,0.655457629,70,70,2156.26752
17D2E,Alternative3,Pond2,2,10,10,10,10,10,10,10,10,10,10,10,10,10,10,10,10,10,10,10,10,10,10,10,10,6.633146182,8.613189818,447.4,11.36666667,15.4,10,4.5,3.673750973,71.13,176.05,16,19,19,2,20,40,Sandy loam,1.900152445,14,11,12,13,13,15,0.655457629,70,70,2156.26752
17D2E,Alternative3,Pond2,10,10,10,10,10,12,12,11,11,12,12,12,12,12,12,12,12,12,12,12,12,12,12,12,12,6.633146182,8.613189818,447.4,11.36666667,15.4,10,4.5,3.673750973,71.13,176.05,16,19,19,2,20,40,Sandy loam,1.900152445,15,12,12,13,13,15,0.655457629,70,70,2156.26752
17D2E,Alternative3,Pond2,50,10,10,10,10,12,12,12,12,11,11,12,12,12,12,12,12,12,12,12,12,12,12,12,12,6.633146182,8.613189818,447.4,11.36666667,15.4,10,4.5,3.673750973,71.13,176.05,16,19,19,2,20,40,Sandy loam,1.900152445,16,13,12,13,13,15,0.655457629,70,70,2156.26752
17B,FWOP,None,0,9,14,7,14,6,1,11,10,12,15,12,14,10,13,11,14,11,14,11,14,13,12,11,13,74.75713855,25.39956615,447.4,12.4,15.4,5,6.484874062,3.607606939,86.75863008,186.88,8,10,6,1,25,60,Sandy loam,2.119439716,12,8,7,10,15,13,0.894,70.89,85,6461.98608
17B,FWOP,None,2,9,14,7,14,6,1,11,10,12,15,12,14,10,13,11,14,11,14,11,14,13,12,11,13,74.75713855,25.39956615,447.4,12.4,15.4,5,6.484874062,3.607606939,86.75863008,186.88,8,10,6,1,25,60,Sandy loam,2.119439716,12,8,7,10,15,13,0.894,70.89,85,6461.98608
17B,FWOP,None,10,9,14,7,14,6,1,11,10,12,15,12,14,10,13,11,14,11,14,11,14,13,12,11,13,74.75713855,25.39956615,447.4,12.4,15.4,5,6.484874062,3.607606939,86.75863008,186.88,8,10,6,1,25,60,Sandy loam,2.119439716,12,8,7,10,15,13,0.894,70.89,85,6461.98608
17B,FWOP,None,50,9,14,7,14,6,1,11,10,12,15,12,14,10,13,11,14,11,14,11,14,13,12,11,13,74.75713855,25.39956615,447.4,12.4,15.4,5,6.484874062,3.607606939,86.75863008,186.88,8,10,6,1,25,60,Sandy loam,2.119439716,12,8,7,10,15,13,0.894,70.89,85,6461.98608
17B,Alternative1,None,0,10,14,10,14,9,7,12,11,13,15,12,14,11,13,11,14,11,14,11,14,13,12,11,13,74.75713855,25.39956615,447.4,12.4,15.4,16,3.61,3.607606939,86.75863008,86.75863008,17,18,18,1,40,80,Sandy loam,2.119439716,15,15,18,18,18,18,0.894,85,85,6461.98608
17B,Alternative1,None,2,10,14,10,14,9,7,12,11,13,15,12,14,11,13,11,14,11,14,11,14,13,12,11,13,74.96187914,25.60552345,447.4,12.4,15.4,16,3.61,3.607606939,86.75863008,86.75863008,17,18,18,1,40,80,Sandy loam,2.119439716,16,16,18,18,18,18,0.894,85,85,6461.98608
17B,Alternative1,None,10,11,15,11,14,10,7,12,12,13,15,13,14,11,13,11,14,11,14,11,14,13,12,11,13,74.96187914,25.60552345,447.4,12.4,15.4,17,3.61,3.607606939,86.75863008,86.75863008,17,18,18,1,40,80,Sandy loam,2.119439716,16,16,18,18,18,18,0.894,85,85,6461.98608
17B,Alternative1,None,50,11,15,11,14,10,7,12,12,13,15,13,14,11,13,11,14,11,14,11,14,13,12,11,13,74.96187914,25.60552345,447.4,12.4,15.4,17,3.61,3.607606939,86.75863008,86.75863008,17,18,18,1,40,80,Sandy loam,2.119439716,17,15,18,18,18,18,0.894,85,85,6461.98608
17B,Alternative2,None,0,10,14,7,14,6,1,11,10,12,15,12,14,10,13,11,14,11,14,11,14,13,12,11,13,74.75713855,25.39956615,447.4,12.4,15.4,17,3.61,3.607606939,86.75863008,86.75863008,18,18,18,1,40,80,Sandy loam,2.119439716,15,15,18,18,18,18,0.894,85,85,6461.98608
17B,Alternative2,None,2,10,14,7,14,6,1,11,10,12,15,12,14,10,13,11,14,11,14,11,14,13,12,11,13,74.96187914,25.60552345,447.4,12.4,15.4,17,3.61,3.607606939,86.75863008,86.75863008,18,18,18,1,40,80,Sandy loam,2.119439716,16,16,18,18,18,18,0.894,85,85,6461.98608
17B,Alternative2,None,10,11,14,7,14,6,1,11,10,12,15,12,14,10,13,11,14,11,14,11,14,13,12,11,13,74.96187914,25.60552345,447.4,12.4,15.4,18,3.61,3.607606939,86.75863008,86.75863008,18,18,18,1,40,80,Sandy loam,2.119439716,16,16,18,18,18,18,0.894,85,85,6461.98608
17B,Alternative2,None,50,11,14,7,14,6,1,11,10,12,15,12,14,10,13,11,14,11,14,11,14,13,12,11,13,74.96187914,25.60552345,447.4,12.4,15.4,18,3.61,3.607606939,86.75863008,86.75863008,18,18,18,1,40,80,Sandy loam,2.119439716,17,15,18,18,18,18,0.894,85,85,6461.98608
17B,Alternative3,None,0,9,14,7,14,6,1,11,10,12,15,12,14,10,13,11,14,11,14,11,14,13,12,11,13,74.75713855,25.39956615,447.4,12.4,15.4,11,6.484874062,3.607606939,86.75863008,186.88,15,15,15,1,25,60,Sandy loam,2.119439716,13,13,15,15,15,15,0.894,70.89,85,6461.98608
17B,Alternative3,None,2,9,14,7,14,6,1,11,10,12,15,12,14,10,13,11,14,11,14,11,14,13,12,11,13,74.75713855,25.39956615,447.4,12.4,15.4,11,6.484874062,3.607606939,86.75863008,186.88,15,15,15,1,25,60,Sandy loam,2.119439716,13,14,15,15,15,15,0.894,70.89,85,6461.98608
17B,Alternative3,None,10,10,14,7,14,6,1,11,10,12,15,12,14,10,13,11,14,11,14,11,14,13,12,11,13,74.75713855,25.39956615,447.4,12.4,15.4,12,6.484874062,3.607606939,86.75863008,186.88,16,16,15,1,25,60,Sandy loam,2.119439716,14,14,15,15,15,15,0.894,70.89,85,6461.98608
17B,Alternative3,None,50,10,14,7,14,6,1,11,10,12,15,12,14,10,13,11,14,11,14,11,14,13,12,11,13,74.75713855,25.39956615,447.4,12.4,15.4,12,6.484874062,3.607606939,86.75863008,186.88,16,16,15,1,25,60,Sandy loam,2.119439716,14,13,15,15,15,15,0.894,70.89,85,6461.98608
17B,FWOP,Pond1,0,9,14,7,14,6,1,11,10,12,15,12,14,10,13,11,14,11,14,11,14,13,12,11,13,74.75713855,25.39956615,447.4,12.4,15.4,5,6.484874062,3.607606939,86.75863008,186.88,8,10,6,1,25,60,Sandy loam,2.119439716,12,8,7,10,15,13,0.894,70.89,85,6461.98608
17B,FWOP,Pond1,2,9,14,7,14,6,1,11,10,12,15,12,14,10,13,11,14,11,14,11,14,13,12,11,13,74.75713855,25.39956615,447.4,12.4,15.4,5,6.484874062,3.607606939,86.75863008,186.88,8,10,6,1,25,60,Sandy loam,2.119439716,12,8,7,10,15,13,0.894,70.89,85,6461.98608
17B,FWOP,Pond1,10,9,14,7,14,6,1,11,10,12,15,12,14,10,13,11,14,11,14,11,14,13,12,11,13,74.75713855,25.39956615,447.4,12.4,15.4,5,6.484874062,3.607606939,86.75863008,186.88,8,10,6,1,25,60,Sandy loam,2.119439716,12,8,7,10,15,13,0.894,70.89,85,6461.98608
17B,FWOP,Pond1,50,9,14,7,14,6,1,11,10,12,15,12,14,10,13,11,14,11,14,11,14,13,12,11,13,74.75713855,25.39956615,447.4,12.4,15.4,5,6.484874062,3.607606939,86.75863008,186.88,8,10,6,1,25,60,Sandy loam,2.119439716,12,8,7,10,15,13,0.894,70.89,85,6461.98608
17B,Alternative1,Pond1,0,10,14,10,14,9,7,12,11,13,15,12,14,11,13,11,14,11,14,11,14,13,12,11,13,74.75713855,25.39956615,447.4,12.4,15.4,16,3.61,3.607606939,86.75863008,86.75863008,17,18,18,1,40,80,Sandy loam,2.119439716,15,15,18,18,18,18,0.894,85,85,6461.98608
17B,Alternative1,Pond1,2,10,14,10,14,9,7,12,11,13,15,12,14,11,13,11,14,11,14,11,14,13,12,11,13,74.96187914,25.60552345,447.4,12.4,15.4,16,3.61,3.607606939,86.75863008,86.75863008,17,18,18,1,40,80,Sandy loam,2.119439716,16,16,18,18,18,18,0.894,85,85,6461.98608
17B,Alternative1,Pond1,10,11,15,11,14,10,7,12,12,13,15,13,14,11,13,11,14,11,14,11,14,13,12,11,13,74.96187914,25.60552345,447.4,12.4,15.4,17,3.61,3.607606939,86.75863008,86.75863008,17,18,18,1,40,80,Sandy loam,2.119439716,16,16,18,18,18,18,0.894,85,85,6461.98608
17B,Alternative1,Pond1,50,11,15,11,14,10,7,12,12,13,15,13,14,11,13,11,14,11,14,11,14,13,12,11,13,74.96187914,25.60552345,447.4,12.4,15.4,17,3.61,3.607606939,86.75863008,86.75863008,17,18,18,1,40,80,Sandy loam,2.119439716,17,15,18,18,18,18,0.894,85,85,6461.98608
17B,Alternative2,Pond1,0,10,14,7,14,6,1,11,10,12,15,12,14,10,13,11,14,11,14,11,14,13,12,11,13,74.75713855,25.39956615,447.4,12.4,15.4,17,3.61,3.607606939,86.75863008,86.75863008,18,18,18,1,40,80,Sandy loam,2.119439716,15,15,18,18,18,18,0.894,85,85,6461.98608
17B,Alternative2,Pond1,2,10,14,7,14,6,1,11,10,12,15,12,14,10,13,11,14,11,14,11,14,13,12,11,13,74.96187914,25.60552345,447.4,12.4,15.4,17,3.61,3.607606939,86.75863008,86.75863008,18,18,18,1,40,80,Sandy loam,2.119439716,16,16,18,18,18,18,0.894,85,85,6461.98608
17B,Alternative2,Pond1,10,11,14,7,14,6,1,11,10,12,15,12,14,10,13,11,14,11,14,11,14,13,12,11,13,74.96187914,25.60552345,447.4,12.4,15.4,18,3.61,3.607606939,86.75863008,86.75863008,18,18,18,1,40,80,Sandy loam,2.119439716,16,16,18,18,18,18,0.894,85,85,6461.98608
17B,Alternative2,Pond1,50,11,14,7,14,6,1,11,10,12,15,12,14,10,13,11,14,11,14,11,14,13,12,11,13,74.96187914,25.60552345,447.4,12.4,15.4,18,3.61,3.607606939,86.75863008,86.75863008,18,18,18,1,40,80,Sandy loam,2.119439716,17,15,18,18,18,18,0.894,85,85,6461.98608
17B,Alternative3,Pond1,0,9,14,7,14,6,1,11,10,12,15,12,14,10,13,11,14,11,14,11,14,13,12,11,13,74.75713855,25.39956615,447.4,12.4,15.4,11,6.484874062,3.607606939,86.75863008,186.88,15,15,15,1,25,60,Sandy loam,2.119439716,13,13,15,15,15,15,0.894,70.89,85,6461.98608
17B,Alternative3,Pond1,2,9,14,7,14,6,1,11,10,12,15,12,14,10,13,11,14,11,14,11,14,13,12,11,13,74.75713855,25.39956615,447.4,12.4,15.4,11,6.484874062,3.607606939,86.75863008,186.88,15,15,15,1,25,60,Sandy loam,2.119439716,13,14,15,15,15,15,0.894,70.89,85,6461.98608
17B,Alternative3,Pond1,10,10,14,7,14,6,1,11,10,12,15,12,14,10,13,11,14,11,14,11,14,13,12,11,13,74.75713855,25.39956615,447.4,12.4,15.4,12,6.484874062,3.607606939,86.75863008,186.88,16,16,15,1,25,60,Sandy loam,2.119439716,14,14,15,15,15,15,0.894,70.89,85,6461.98608
17B,Alternative3,Pond1,50,10,14,7,14,6,1,11,10,12,15,12,14,10,13,11,14,11,14,11,14,13,12,11,13,74.75713855,25.39956615,447.4,12.4,15.4,12,6.484874062,3.607606939,86.75863008,186.88,16,16,15,1,25,60,Sandy loam,2.119439716,14,13,15,15,15,15,0.894,70.89,85,6461.98608
17B,FWOP,Pond2,0,9,14,7,14,6,1,11,10,12,15,12,14,10,13,11,14,11,14,11,14,13,12,11,13,74.75713855,25.39956615,447.4,12.4,15.4,5,6.484874062,3.607606939,86.75863008,186.88,8,10,6,1,25,60,Sandy loam,2.119439716,12,8,7,10,15,13,0.894,70.89,85,6461.98608
17B,FWOP,Pond2,2,9,14,7,14,6,1,11,10,12,15,12,14,10,13,11,14,11,14,11,14,13,12,11,13,74.75713855,25.39956615,447.4,12.4,15.4,5,6.484874062,3.607606939,86.75863008,186.88,8,10,6,1,25,60,Sandy loam,2.119439716,12,8,7,10,15,13,0.894,70.89,85,6461.98608
17B,FWOP,Pond2,10,9,14,7,14,6,1,11,10,12,15,12,14,10,13,11,14,11,14,11,14,13,12,11,13,74.75713855,25.39956615,447.4,12.4,15.4,5,6.484874062,3.607606939,86.75863008,186.88,8,10,6,1,25,60,Sandy loam,2.119439716,12,8,7,10,15,13,0.894,70.89,85,6461.98608
17B,FWOP,Pond2,50,9,14,7,14,6,1,11,10,12,15,12,14,10,13,11,14,11,14,11,14,13,12,11,13,74.75713855,25.39956615,447.4,12.4,15.4,5,6.484874062,3.607606939,86.75863008,186.88,8,10,6,1,25,60,Sandy loam,2.119439716,12,8,7,10,15,13,0.894,70.89,85,6461.98608
17B,Alternative1,Pond2,0,10,14,10,14,9,7,12,11,13,15,12,14,11,13,11,14,11,14,11,14,13,12,11,13,74.75713855,25.39956615,447.4,12.4,15.4,16,3.61,3.607606939,86.75863008,86.75863008,17,18,18,1,40,80,Sandy loam,2.119439716,15,15,18,18,18,18,0.894,85,85,6461.98608
17B,Alternative1,Pond2,2,10,14,10,14,9,7,12,11,13,15,12,14,11,13,11,14,11,14,11,14,13,12,11,13,74.96187914,25.60552345,447.4,12.4,15.4,16,3.61,3.607606939,86.75863008,86.75863008,17,18,18,1,40,80,Sandy loam,2.119439716,16,16,18,18,18,18,0.894,85,85,6461.98608
17B,Alternative1,Pond2,10,11,15,11,14,10,7,12,12,13,15,13,14,11,13,11,14,11,14,11,14,13,12,11,13,74.96187914,25.60552345,447.4,12.4,15.4,17,3.61,3.607606939,86.75863008,86.75863008,17,18,18,1,40,80,Sandy loam,2.119439716,16,16,18,18,18,18,0.894,85,85,6461.98608
17B,Alternative1,Pond2,50,11,15,11,14,10,7,12,12,13,15,13,14,11,13,11,14,11,14,11,14,13,12,11,13,74.96187914,25.60552345,447.4,12.4,15.4,17,3.61,3.607606939,86.75863008,86.75863008,17,18,18,1,40,80,Sandy loam,2.119439716,17,15,18,18,18,18,0.894,85,85,6461.98608
17B,Alternative2,Pond2,0,10,14,7,14,6,1,11,10,12,15,12,14,10,13,11,14,11,14,11,14,13,12,11,13,74.75713855,25.39956615,447.4,12.4,15.4,17,3.61,3.607606939,86.75863008,86.75863008,18,18,18,1,40,80,Sandy loam,2.119439716,15,15,18,18,18,18,0.894,85,85,6461.98608
17B,Alternative2,Pond2,2,10,14,7,14,6,1,11,10,12,15,12,14,10,13,11,14,11,14,11,14,13,12,11,13,74.96187914,25.60552345,447.4,12.4,15.4,17,3.61,3.607606939,86.75863008,86.75863008,18,18,18,1,40,80,Sandy loam,2.119439716,16,16,18,18,18,18,0.894,85,85,6461.98608
17B,Alternative2,Pond2,10,11,14,7,14,6,1,11,10,12,15,12,14,10,13,11,14,11,14,11,14,13,12,11,13,74.96187914,25.60552345,447.4,12.4,15.4,18,3.61,3.607606939,86.75863008,86.75863008,18,18,18,1,40,80,Sandy loam,2.119439716,16,16,18,18,18,18,0.894,85,85,6461.98608
17B,Alternative2,Pond2,50,11,14,7,14,6,1,11,10,12,15,12,14,10,13,11,14,11,14,11,14,13,12,11,13,74.96187914,25.60552345,447.4,12.4,15.4,18,3.61,3.607606939,86.75863008,86.75863008,18,18,18,1,40,80,Sandy loam,2.119439716,17,15,18,18,18,18,0.894,85,85,6461.98608
17B,Alternative3,Pond2,0,9,14,7,14,6,1,11,10,12,15,12,14,10,13,11,14,11,14,11,14,13,12,11,13,74.75713855,25.39956615,447.4,12.4,15.4,11,6.484874062,3.607606939,86.75863008,186.88,15,15,15,1,25,60,Sandy loam,2.119439716,13,13,15,15,15,15,0.894,70.89,85,6461.98608
17B,Alternative3,Pond2,2,9,14,7,14,6,1,11,10,12,15,12,14,10,13,11,14,11,14,11,14,13,12,11,13,74.75713855,25.39956615,447.4,12.4,15.4,11,6.484874062,3.607606939,86.75863008,186.88,15,15,15,1,25,60,Sandy loam,2.119439716,13,14,15,15,15,15,0.894,70.89,85,6461.98608
17B,Alternative3,Pond2,10,10,14,7,14,6,1,11,10,12,15,12,14,10,13,11,14,11,14,11,14,13,12,11,13,74.75713855,25.39956615,447.4,12.4,15.4,12,6.484874062,3.607606939,86.75863008,186.88,16,16,15,1,25,60,Sandy loam,2.119439716,14,14,15,15,15,15,0.894,70.89,85,6461.98608
17B,Alternative3,Pond2,50,10,14,7,14,6,1,11,10,12,15,12,14,10,13,11,14,11,14,11,14,13,12,11,13,74.75713855,25.39956615,447.4,12.4,15.4,12,6.484874062,3.607606939,86.75863008,186.88,16,16,15,1,25,60,Sandy loam,2.119439716,14,13,15,15,15,15,0.894,70.89,85,6461.98608
2A,FWOP,None,0,8,13,2,10,1,6,3,8,8,13,5,6,7,8,2,11,4,13,2,13,3,14,3,8,29.20848246,32.19387628,1087.3,9.416666667,14.4,7,6.619366242,3.187045183,123.8696467,158.42,8,8,5,2,10,60,Sandy loam,2.577981435,5,10,8,13,13,13,1,46.31218085,100,3739.6656
2A,FWOP,None,2,8,13,2,10,1,6,3,8,8,13,5,6,7,8,2,11,4,13,2,13,3,14,3,8,29.20848246,32.19387628,1087.3,9.416666667,14.4,7,6.619366242,3.187045183,123.8696467,158.42,8,8,5,2,10,60,Sandy loam,2.577981435,5,10,8,13,13,13,1,46.31218085,100,3739.6656
2A,FWOP,None,10,8,13,2,10,1,6,3,8,8,13,5,6,7,8,2,11,4,13,2,13,3,14,3,8,29.20848246,32.19387628,1087.3,9.416666667,14.4,7,6.619366242,3.187045183,123.8696467,158.42,8,8,5,2,10,60,Sandy loam,2.577981435,5,10,8,13,13,13,1,46.31218085,100,3739.6656
2A,FWOP,None,50,8,13,2,10,1,6,3,8,8,13,5,6,7,8,2,11,4,13,2,13,3,14,3,8,29.20848246,32.19387628,1087.3,9.416666667,14.4,7,6.619366242,3.187045183,123.8696467,158.42,8,8,5,2,10,60,Sandy loam,2.577981435,5,10,8,13,13,13,1,46.31218085,100,3739.6656
2A,Alternative1,None,0,16,17,13,17,11,13,13,13,13,17,13,13,15,15,11,17,11,17,10,17,13,17,11,13,29.20848246,32.19387628,1087.3,9.416666667,14.4,17,3.187045183,3.187045183,123.8696467,123.8696467,18,18,17,2,80,80,Sandy loam,2.577981435,15,16,16,18,18,18,1,100,100,3889
2A,Alternative1,None,2,16,17,13,17,11,13,13,13,13,17,13,13,15,15,11,17,11,17,10,17,13,17,11,13,30.00616382,32.99155764,1087.3,9.416666667,14.4,17,3.187045183,3.187045183,123.8696467,123.8696467,18,18,17,2,80,80,Sandy loam,2.577981435,16,17,16,18,18,18,1,100,100,3889
2A,Alternative1,None,10,17,17,14,18,12,14,14,14,14,18,14,14,16,16,12,18,11,18,11,18,14,17,12,13,30.00616382,32.99155764,1087.3,9.416666667,14.4,17,3.187045183,3.187045183,123.8696467,123.8696467,18,18,17,2,80,80,Sandy loam,2.577981435,16,17,16,18,18,18,1,100,100,3889
2A,Alternative1,None,50,17,17,14,18,12,14,14,14,14,18,14,14,16,16,12,18,11,18,11,18,14,17,12,13,30.00616382,32.99155764,1087.3,9.416666667,14.4,17,3.187045183,3.187045183,123.8696467,123.8696467,18,18,17,2,80,80,Sandy loam,2.577981435,17,16,16,18,18,18,1,46.31218085,100,3889
2A,Alternative2,None,0,17,18,13,17,13,13,13,13,13,17,13,13,16,16,13,17,11,17,11,17,13,17,12,13,29.20848246,32.19387628,1087.3,9.416666667,14.4,17,3.187045183,3.187045183,123.8696467,123.8696467,18,18,17,2,80,80,Sandy loam,2.577981435,15,15,17,18,18,18,1,46.31218085,100,3739.6656
2A,Alternative2,None,2,17,18,13,17,13,13,13,13,13,17,13,13,16,16,13,17,11,17,11,17,13,17,12,13,30.58180661,33.22307738,1087.3,9.416666667,14.4,17,3.187045183,3.187045183,123.8696467,123.8696467,18,18,17,2,80,80,Sandy loam,2.577981435,16,16,17,18,18,18,1,46.31218085,100,3739.6656
2A,Alternative2,None,10,18,18,14,18,14,14,14,14,14,18,14,14,17,17,14,18,12,18,12,18,14,17,12,13,30.58180661,33.22307738,1087.3,9.416666667,14.4,17,3.187045183,3.187045183,123.8696467,123.8696467,18,18,17,2,80,80,Sandy loam,2.577981435,16,16,17,18,18,18,1,46.31218085,100,3739.6656
2A,Alternative2,None,50,18,18,14,18,14,14,14,14,14,18,14,14,17,17,14,18,12,18,12,18,14,17,12,13,30.58180661,33.22307738,1087.3,9.416666667,14.4,17,3.187045183,3.187045183,123.8696467,123.8696467,18,18,17,2,80,80,Sandy loam,2.577981435,17,15,17,18,18,18,1,46.31218085,100,3739.6656
2A,Alternative3,None,0,8,13,2,10,1,6,3,8,8,13,5,6,7,8,2,11,4,13,2,13,3,14,3,8,29.20848246,32.19387628,1087.3,9.416666667,14.4,13,3.187045183,3.187045183,123.8696467,123.8696467,15,17,17,2,10,60,Sandy loam,2.577981435,13,13,15,17,17,17,1,46.31218085,100,3739.6656
2A,Alternative3,None,2,8,13,2,10,1,6,3,8,8,13,5,6,7,8,2,11,4,13,2,13,3,14,3,8,29.20848246,32.19387628,1087.3,9.416666667,14.4,13,3.187045183,3.187045183,123.8696467,123.8696467,15,17,17,2,10,60,Sandy loam,2.577981435,13,14,15,17,17,17,1,46.31218085,100,3739.6656
2A,Alternative3,None,10,8,13,2,10,1,6,3,8,8,13,5,6,7,8,2,11,4,13,2,13,3,14,3,8,29.20848246,32.19387628,1087.3,9.416666667,14.4,13,3.187045183,3.187045183,123.8696467,123.8696467,15,17,17,2,10,60,Sandy loam,2.577981435,14,14,15,17,17,17,1,46.31218085,100,3739.6656
2A,Alternative3,None,50,8,13,2,10,1,6,3,8,8,13,5,6,7,8,2,11,4,13,2,13,3,14,3,8,29.20848246,32.19387628,1087.3,9.416666667,14.4,13,3.187045183,3.187045183,123.8696467,123.8696467,15,17,17,2,10,60,Sandy loam,2.577981435,15,13,15,17,17,17,1,46.31218085,100,3739.6656
2A,FWOP,Pond1,0,8,13,2,10,1,6,3,8,8,13,5,6,7,8,2,11,4,13,2,13,3,14,3,8,29.20848246,32.19387628,1087.3,9.416666667,14.4,7,6.619366242,3.187045183,123.8696467,158.42,8,8,5,2,10,60,Sandy loam,2.577981435,5,10,8,13,13,13,1,46.31218085,100,3739.6656
2A,FWOP,Pond1,2,8,13,2,10,1,6,3,8,8,13,5,6,7,8,2,11,4,13,2,13,3,14,3,8,29.20848246,32.19387628,1087.3,9.416666667,14.4,7,6.619366242,3.187045183,123.8696467,158.42,8,8,5,2,10,60,Sandy loam,2.577981435,5,10,8,13,13,13,1,46.31218085,100,3739.6656
2A,FWOP,Pond1,10,8,13,2,10,1,6,3,8,8,13,5,6,7,8,2,11,4,13,2,13,3,14,3,8,29.20848246,32.19387628,1087.3,9.416666667,14.4,7,6.619366242,3.187045183,123.8696467,158.42,8,8,5,2,10,60,Sandy loam,2.577981435,5,10,8,13,13,13,1,46.31218085,100,3739.6656
2A,FWOP,Pond1,50,8,13,2,10,1,6,3,8,8,13,5,6,7,8,2,11,4,13,2,13,3,14,3,8,29.20848246,32.19387628,1087.3,9.416666667,14.4,7,6.619366242,3.187045183,123.8696467,158.42,8,8,5,2,10,60,Sandy loam,2.577981435,5,10,8,13,13,13,1,46.31218085,100,3739.6656
2A,Alternative1,Pond1,0,16,17,13,17,11,13,13,13,13,17,13,13,15,15,11,17,11,17,10,17,13,17,11,13,29.20848246,32.19387628,1087.3,9.416666667,14.4,17,3.187045183,3.187045183,123.8696467,123.8696467,18,18,17,2,80,80,Sandy loam,2.577981435,15,16,16,18,18,18,1,100,100,3889
2A,Alternative1,Pond1,2,16,17,13,17,11,13,13,13,13,17,13,13,15,15,11,17,11,17,10,17,13,17,11,13,30.00616382,32.99155764,1087.3,9.416666667,14.4,17,3.187045183,3.187045183,123.8696467,123.8696467,18,18,17,2,80,80,Sandy loam,2.577981435,16,17,16,18,18,18,1,100,100,3889
2A,Alternative1,Pond1,10,17,17,14,18,12,14,14,14,14,18,14,14,16,16,12,18,11,18,11,18,14,17,12,13,30.00616382,32.99155764,1087.3,9.416666667,14.4,17,3.187045183,3.187045183,123.8696467,123.8696467,18,18,17,2,80,80,Sandy loam,2.577981435,16,17,16,18,18,18,1,100,100,3889
2A,Alternative1,Pond1,50,17,17,14,18,12,14,14,14,14,18,14,14,16,16,12,18,11,18,11,18,14,17,12,13,30.00616382,32.99155764,1087.3,9.416666667,14.4,17,3.187045183,3.187045183,123.8696467,123.8696467,18,18,17,2,80,80,Sandy loam,2.577981435,17,16,16,18,18,18,1,46.31218085,100,3889
2A,Alternative2,Pond1,0,17,18,13,17,13,13,13,13,13,17,13,13,16,16,13,17,11,17,11,17,13,17,12,13,29.20848246,32.19387628,1087.3,9.416666667,14.4,17,3.187045183,3.187045183,123.8696467,123.8696467,18,18,17,2,80,80,Sandy loam,2.577981435,15,15,17,18,18,18,1,46.31218085,100,3739.6656
2A,Alternative2,Pond1,2,17,18,13,17,13,13,13,13,13,17,13,13,16,16,13,17,11,17,11,17,13,17,12,13,30.58180661,33.22307738,1087.3,9.416666667,14.4,17,3.187045183,3.187045183,123.8696467,123.8696467,18,18,17,2,80,80,Sandy loam,2.577981435,16,16,17,18,18,18,1,46.31218085,100,3739.6656
2A,Alternative2,Pond1,10,18,18,14,18,14,14,14,14,14,18,14,14,17,17,14,18,12,18,12,18,14,17,12,13,30.58180661,33.22307738,1087.3,9.416666667,14.4,17,3.187045183,3.187045183,123.8696467,123.8696467,18,18,17,2,80,80,Sandy loam,2.577981435,16,16,17,18,18,18,1,46.31218085,100,3739.6656
2A,Alternative2,Pond1,50,18,18,14,18,14,14,14,14,14,18,14,14,17,17,14,18,12,18,12,18,14,17,12,13,30.58180661,33.22307738,1087.3,9.416666667,14.4,17,3.187045183,3.187045183,123.8696467,123.8696467,18,18,17,2,80,80,Sandy loam,2.577981435,17,15,17,18,18,18,1,46.31218085,100,3739.6656
2A,Alternative3,Pond1,0,8,13,2,10,1,6,3,8,8,13,5,6,7,8,2,11,4,13,2,13,3,14,3,8,29.20848246,32.19387628,1087.3,9.416666667,14.4,13,3.187045183,3.187045183,123.8696467,123.8696467,15,17,17,2,10,60,Sandy loam,2.577981435,13,13,15,17,17,17,1,46.31218085,100,3739.6656
2A,Alternative3,Pond1,2,8,13,2,10,1,6,3,8,8,13,5,6,7,8,2,11,4,13,2,13,3,14,3,8,29.20848246,32.19387628,1087.3,9.416666667,14.4,13,3.187045183,3.187045183,123.8696467,123.8696467,15,17,17,2,10,60,Sandy loam,2.577981435,13,14,15,17,17,17,1,46.31218085,100,3739.6656
2A,Alternative3,Pond1,10,8,13,2,10,1,6,3,8,8,13,5,6,7,8,2,11,4,13,2,13,3,14,3,8,29.20848246,32.19387628,1087.3,9.416666667,14.4,13,3.187045183,3.187045183,123.8696467,123.8696467,15,17,17,2,10,60,Sandy loam,2.577981435,14,14,15,17,17,17,1,46.31218085,100,3739.6656
2A,Alternative3,Pond1,50,8,13,2,10,1,6,3,8,8,13,5,6,7,8,2,11,4,13,2,13,3,14,3,8,29.20848246,32.19387628,1087.3,9.416666667,14.4,13,3.187045183,3.187045183,123.8696467,123.8696467,15,17,17,2,10,60,Sandy loam,2.577981435,15,13,15,17,17,17,1,46.31218085,100,3739.6656
2A,FWOP,Pond2,0,8,13,2,10,1,6,3,8,8,13,5,6,7,8,2,11,4,13,2,13,3,14,3,8,29.20848246,32.19387628,1087.3,9.416666667,14.4,7,6.619366242,3.187045183,123.8696467,158.42,8,8,5,2,10,60,Sandy loam,2.577981435,5,10,8,13,13,13,1,46.31218085,100,3739.6656
2A,FWOP,Pond2,2,8,13,2,10,1,6,3,8,8,13,5,6,7,8,2,11,4,13,2,13,3,14,3,8,29.20848246,32.19387628,1087.3,9.416666667,14.4,7,6.619366242,3.187045183,123.8696467,158.42,8,8,5,2,10,60,Sandy loam,2.577981435,5,10,8,13,13,13,1,46.31218085,100,3739.6656
2A,FWOP,Pond2,10,8,13,2,10,1,6,3,8,8,13,5,6,7,8,2,11,4,13,2,13,3,14,3,8,29.20848246,32.19387628,1087.3,9.416666667,14.4,7,6.619366242,3.187045183,123.8696467,158.42,8,8,5,2,10,60,Sandy loam,2.577981435,5,10,8,13,13,13,1,46.31218085,100,3739.6656
2A,FWOP,Pond2,50,8,13,2,10,1,6,3,8,8,13,5,6,7,8,2,11,4,13,2,13,3,14,3,8,29.20848246,32.19387628,1087.3,9.416666667,14.4,7,6.619366242,3.187045183,123.8696467,158.42,8,8,5,2,10,60,Sandy loam,2.577981435,5,10,8,13,13,13,1,46.31218085,100,3739.6656
2A,Alternative1,Pond2,0,16,17,13,17,11,13,13,13,13,17,13,13,15,15,11,17,11,17,10,17,13,17,11,13,29.20848246,32.19387628,1087.3,9.416666667,14.4,17,3.187045183,3.187045183,123.8696467,123.8696467,18,18,17,2,80,80,Sandy loam,2.577981435,15,16,16,18,18,18,1,100,100,3889
2A,Alternative1,Pond2,2,16,17,13,17,11,13,13,13,13,17,13,13,15,15,11,17,11,17,10,17,13,17,11,13,30.00616382,32.99155764,1087.3,9.416666667,14.4,17,3.187045183,3.187045183,123.8696467,123.8696467,18,18,17,2,80,80,Sandy loam,2.577981435,16,17,16,18,18,18,1,100,100,3889
2A,Alternative1,Pond2,10,17,17,14,18,12,14,14,14,14,18,14,14,16,16,12,18,11,18,11,18,14,17,12,13,30.00616382,32.99155764,1087.3,9.416666667,14.4,17,3.187045183,3.187045183,123.8696467,123.8696467,18,18,17,2,80,80,Sandy loam,2.577981435,16,17,16,18,18,18,1,100,100,3889
2A,Alternative1,Pond2,50,17,17,14,18,12,14,14,14,14,18,14,14,16,16,12,18,11,18,11,18,14,17,12,13,30.00616382,32.99155764,1087.3,9.416666667,14.4,17,3.187045183,3.187045183,123.8696467,123.8696467,18,18,17,2,80,80,Sandy loam,2.577981435,17,16,16,18,18,18,1,46.31218085,100,3889
2A,Alternative2,Pond2,0,17,18,13,17,13,13,13,13,13,17,13,13,16,16,13,17,11,17,11,17,13,17,12,13,29.20848246,32.19387628,1087.3,9.416666667,14.4,17,3.187045183,3.187045183,123.8696467,123.8696467,18,18,17,2,80,80,Sandy loam,2.577981435,15,15,17,18,18,18,1,46.31218085,100,3739.6656
2A,Alternative2,Pond2,2,17,18,13,17,13,13,13,13,13,17,13,13,16,16,13,17,11,17,11,17,13,17,12,13,30.58180661,33.22307738,1087.3,9.416666667,14.4,17,3.187045183,3.187045183,123.8696467,123.8696467,18,18,17,2,80,80,Sandy loam,2.577981435,16,16,17,18,18,18,1,46.31218085,100,3739.6656
2A,Alternative2,Pond2,10,18,18,14,18,14,14,14,14,14,18,14,14,17,17,14,18,12,18,12,18,14,17,12,13,30.58180661,33.22307738,1087.3,9.416666667,14.4,17,3.187045183,3.187045183,123.8696467,123.8696467,18,18,17,2,80,80,Sandy loam,2.577981435,16,16,17,18,18,18,1,46.31218085,100,3739.6656
2A,Alternative2,Pond2,50,18,18,14,18,14,14,14,14,14,18,14,14,17,17,14,18,12,18,12,18,14,17,12,13,30.58180661,33.22307738,1087.3,9.416666667,14.4,17,3.187045183,3.187045183,123.8696467,123.8696467,18,18,17,2,80,80,Sandy loam,2.577981435,17,15,17,18,18,18,1,46.31218085,100,3739.6656
2A,Alternative3,Pond2,0,8,13,2,10,1,6,3,8,8,13,5,6,7,8,2,11,4,13,2,13,3,14,3,8,29.20848246,32.19387628,1087.3,9.416666667,14.4,13,3.187045183,3.187045183,123.8696467,123.8696467,15,17,17,2,10,60,Sandy loam,2.577981435,13,13,15,17,17,17,1,46.31218085,100,3739.6656
2A,Alternative3,Pond2,2,8,13,2,10,1,6,3,8,8,13,5,6,7,8,2,11,4,13,2,13,3,14,3,8,29.20848246,32.19387628,1087.3,9.416666667,14.4,13,3.187045183,3.187045183,123.8696467,123.8696467,15,17,17,2,10,60,Sandy loam,2.577981435,13,14,15,17,17,17,1,46.31218085,100,3739.6656
2A,Alternative3,Pond2,10,8,13,2,10,1,6,3,8,8,13,5,6,7,8,2,11,4,13,2,13,3,14,3,8,29.20848246,32.19387628,1087.3,9.416666667,14.4,13,3.187045183,3.187045183,123.8696467,123.8696467,15,17,17,2,10,60,Sandy loam,2.577981435,14,14,15,17,17,17,1,46.31218085,100,3739.6656
2A,Alternative3,Pond2,50,8,13,2,10,1,6,3,8,8,13,5,6,7,8,2,11,4,13,2,13,3,14,3,8,29.20848246,32.19387628,1087.3,9.416666667,14.4,13,3.187045183,3.187045183,123.8696467,123.8696467,15,17,17,2,10,60,Sandy loam,2.577981435,15,13,15,17,17,17,1,46.31218085,100,3739.6656
2B,FWOP,None,0,7,8,6,11,4,1,6,7,7,13,8,2,5,6,6,7,11,13,14,13,11,14,6,6,20.89978311,26.68614567,868.7,10.46666667,14.55,7,8.961562957,3.132112436,115.5147972,266.93,8,10,5,2,10,60,Sandy loam,2.480845863,5,10,8,13,13,13,1,50.73,80,4504.98576
2B,FWOP,None,2,7,8,6,11,4,1,6,7,7,13,8,2,5,6,6,7,11,13,14,13,11,14,6,6,20.89978311,26.68614567,868.7,10.46666667,14.55,7,8.961562957,3.132112436,115.5147972,266.93,8,10,5,2,10,60,Sandy loam,2.480845863,5,10,8,13,13,13,1,50.73,80,4504.98576
2B,FWOP,None,10,7,8,6,11,4,1,6,7,7,13,8,2,5,6,6,7,11,13,14,13,11,14,6,6,20.89978311,26.68614567,868.7,10.46666667,14.55,7,8.961562957,3.132112436,115.5147972,266.93,8,10,5,2,10,60,Sandy loam,2.480845863,5,10,8,13,13,13,1,50.73,80,4504.98576
2B,FWOP,None,50,7,8,6,11,4,1,6,7,7,13,8,2,5,6,6,7,11,13,14,13,11,14,6,6,20.89978311,26.68614567,868.7,10.46666667,14.55,7,8.961562957,3.132112436,115.5147972,266.93,8,10,5,2,10,60,Sandy loam,2.480845863,5,10,8,13,13,13,1,50.73,80,4504.98576
2B,Alternative1,None,0,16,17,13,17,11,13,13,13,13,17,13,13,15,15,11,17,11,17,10,17,13,17,11,13,20.89978311,26.68614567,868.7,10.46666667,14.55,7,3.132112436,3.132112436,115.5147972,266.93,18,18,17,2,80,80,Sandy loam,2.480845863,15,16,16,18,18,18,1,80,80,4504.98576
2B,Alternative1,None,2,16,17,13,17,11,13,13,13,13,17,13,13,15,15,11,17,11,17,10,17,13,17,11,13,22.2767574,27.95159563,868.7,10.46666667,14.55,7,3.132112436,3.132112436,115.5147972,266.93,18,18,17,2,80,80,Sandy loam,2.480845863,16,17,16,18,18,18,1,80,80,4504.98576
2B,Alternative1,None,10,17,17,14,18,12,14,14,14,14,18,14,14,16,16,12,18,11,18,11,18,14,17,12,13,22.2767574,27.95159563,868.7,10.46666667,14.55,7,3.132112436,3.132112436,115.5147972,266.93,18,18,17,2,80,80,Sandy loam,2.480845863,16,17,16,18,18,18,1,80,80,4504.98576
2B,Alternative1,None,50,17,17,14,18,12,14,14,14,14,18,14,14,16,16,12,18,11,18,11,18,14,17,12,13,22.2767574,27.95159563,868.7,10.46666667,14.55,7,3.132112436,3.132112436,115.5147972,266.93,18,18,17,2,80,80,Sandy loam,2.480845863,17,16,16,18,18,18,1,80,80,4504.98576
2B,Alternative2,None,0,17,18,13,17,13,13,13,13,13,17,13,13,16,16,13,17,11,17,11,17,13,17,12,13,20.89978311,26.68614567,868.7,10.46666667,14.55,7,3.132112436,3.132112436,115.5147972,266.93,18,18,17,2,80,80,Sandy loam,2.480845863,15,15,17,18,18,18,1,50.73,80,4504.98576
2B,Alternative2,None,2,17,18,13,17,13,13,13,13,13,17,13,13,16,16,13,17,11,17,11,17,13,17,12,13,21.72112149,27.56074393,868.7,10.46666667,14.55,7,3.132112436,3.132112436,115.5147972,266.93,18,18,17,2,80,80,Sandy loam,2.480845863,16,16,17,18,18,18,1,50.73,80,4504.98576
2B,Alternative2,None,10,18,18,14,18,14,14,14,14,14,18,14,14,17,17,14,18,12,18,12,18,14,17,12,13,21.72112149,27.56074393,868.7,10.46666667,14.55,7,3.132112436,3.132112436,115.5147972,266.93,18,18,17,2,80,80,Sandy loam,2.480845863,16,16,17,18,18,18,1,50.73,80,4504.98576
2B,Alternative2,None,50,18,18,14,18,14,14,14,14,14,18,14,14,17,17,14,18,12,18,12,18,14,17,12,13,21.72112149,27.56074393,868.7,10.46666667,14.55,7,3.132112436,3.132112436,115.5147972,266.93,18,18,17,2,80,80,Sandy loam,2.480845863,17,15,17,18,18,18,1,50.73,80,4504.98576
2B,Alternative3,None,0,8,13,2,10,1,6,3,8,8,13,5,6,7,8,2,11,4,13,2,13,3,14,3,8,20.89978311,26.68614567,868.7,10.46666667,14.55,7,3.132112436,3.132112436,115.5147972,266.93,15,17,17,2,10,60,Sandy loam,2.480845863,13,13,15,17,17,17,1,50.73,80,4504.98576
2B,Alternative3,None,2,8,13,2,10,1,6,3,8,8,13,5,6,7,8,2,11,4,13,2,13,3,14,3,8,20.89978311,26.68614567,868.7,10.46666667,14.55,7,3.132112436,3.132112436,115.5147972,266.93,15,17,17,2,10,60,Sandy loam,2.480845863,13,14,15,17,17,17,1,50.73,80,4504.98576
2B,Alternative3,None,10,8,13,2,10,1,6,3,8,8,13,5,6,7,8,2,11,4,13,2,13,3,14,3,8,20.89978311,26.68614567,868.7,10.46666667,14.55,7,3.132112436,3.132112436,115.5147972,266.93,15,17,17,2,10,60,Sandy loam,2.480845863,14,14,15,17,17,17,1,50.73,80,4504.98576
2B,Alternative3,None,50,8,13,2,10,1,6,3,8,8,13,5,6,7,8,2,11,4,13,2,13,3,14,3,8,20.89978311,26.68614567,868.7,10.46666667,14.55,7,3.132112436,3.132112436,115.5147972,266.93,15,17,17,2,10,60,Sandy loam,2.480845863,15,13,15,17,17,17,1,50.73,80,4504.98576
2B,FWOP,Pond1,0,8,13,2,10,1,6,3,8,8,13,5,6,7,8,2,11,4,13,2,13,3,14,3,8,20.89978311,26.68614567,868.7,10.46666667,14.55,7,8.961562957,3.132112436,115.5147972,266.93,8,8,5,2,10,60,Sandy loam,2.480845863,5,10,8,13,13,13,1,50.73,80,4504.98576
2B,FWOP,Pond1,2,8,13,2,10,1,6,3,8,8,13,5,6,7,8,2,11,4,13,2,13,3,14,3,8,20.89978311,26.68614567,868.7,10.46666667,14.55,7,8.961562957,3.132112436,115.5147972,266.93,8,8,5,2,10,60,Sandy loam,2.480845863,5,10,8,13,13,13,1,50.73,80,4504.98576
2B,FWOP,Pond1,10,8,13,2,10,1,6,3,8,8,13,5,6,7,8,2,11,4,13,2,13,3,14,3,8,20.89978311,26.68614567,868.7,10.46666667,14.55,7,8.961562957,3.132112436,115.5147972,266.93,8,8,5,2,10,60,Sandy loam,2.480845863,5,10,8,13,13,13,1,50.73,80,4504.98576
2B,FWOP,Pond1,50,8,13,2,10,1,6,3,8,8,13,5,6,7,8,2,11,4,13,2,13,3,14,3,8,20.89978311,26.68614567,868.7,10.46666667,14.55,7,8.961562957,3.132112436,115.5147972,266.93,8,8,5,2,10,60,Sandy loam,2.480845863,5,10,8,13,13,13,1,50.73,80,4504.98576
2B,Alternative1,Pond1,0,16,17,13,17,11,13,13,13,13,17,13,13,15,15,11,17,11,17,10,17,13,17,11,13,20.89978311,26.68614567,868.7,10.46666667,14.55,7,3.132112436,3.132112436,115.5147972,266.93,18,18,17,2,80,80,Sandy loam,2.480845863,15,16,16,18,18,18,1,80,80,4504.98576
2B,Alternative1,Pond1,2,16,17,13,17,11,13,13,13,13,17,13,13,15,15,11,17,11,17,10,17,13,17,11,13,22.2767574,27.95159563,868.7,10.46666667,14.55,7,3.132112436,3.132112436,115.5147972,266.93,18,18,17,2,80,80,Sandy loam,2.480845863,16,17,16,18,18,18,1,80,80,4504.98576
2B,Alternative1,Pond1,10,17,17,14,18,12,14,14,14,14,18,14,14,16,16,12,18,11,18,11,18,14,17,12,13,22.2767574,27.95159563,868.7,10.46666667,14.55,7,3.132112436,3.132112436,115.5147972,266.93,18,18,17,2,80,80,Sandy loam,2.480845863,16,17,16,18,18,18,1,80,80,4504.98576
2B,Alternative1,Pond1,50,17,17,14,18,12,14,14,14,14,18,14,14,16,16,12,18,11,18,11,18,14,17,12,13,22.2767574,27.95159563,868.7,10.46666667,14.55,7,3.132112436,3.132112436,115.5147972,266.93,18,18,17,2,80,80,Sandy loam,2.480845863,17,16,16,18,18,18,1,80,80,4504.98576
2B,Alternative2,Pond1,0,17,18,13,17,13,13,13,13,13,17,13,13,16,16,13,17,11,17,11,17,13,17,12,13,20.89978311,26.68614567,868.7,10.46666667,14.55,7,3.132112436,3.132112436,115.5147972,266.93,18,18,17,2,80,80,Sandy loam,2.480845863,15,15,17,18,18,18,1,50.73,80,4504.98576
2B,Alternative2,Pond1,2,17,18,13,17,13,13,13,13,13,17,13,13,16,16,13,17,11,17,11,17,13,17,12,13,21.72112149,27.56074393,868.7,10.46666667,14.55,7,3.132112436,3.132112436,115.5147972,266.93,18,18,17,2,80,80,Sandy loam,2.480845863,16,16,17,18,18,18,1,50.73,80,4504.98576
2B,Alternative2,Pond1,10,18,18,14,18,14,14,14,14,14,18,14,14,17,17,14,18,12,18,12,18,14,17,12,13,21.72112149,27.56074393,868.7,10.46666667,14.55,7,3.132112436,3.132112436,115.5147972,266.93,18,18,17,2,80,80,Sandy loam,2.480845863,16,16,17,18,18,18,1,50.73,80,4504.98576
2B,Alternative2,Pond1,50,18,18,14,18,14,14,14,14,14,18,14,14,17,17,14,18,12,18,12,18,14,17,12,13,21.72112149,27.56074393,868.7,10.46666667,14.55,7,3.132112436,3.132112436,115.5147972,266.93,18,18,17,2,80,80,Sandy loam,2.480845863,17,15,17,18,18,18,1,50.73,80,4504.98576
2B,Alternative3,Pond1,0,8,13,2,10,1,6,3,8,8,13,5,6,7,8,2,11,4,13,2,13,3,14,3,8,20.89978311,26.68614567,868.7,10.46666667,14.55,7,3.132112436,3.132112436,115.5147972,266.93,15,17,17,2,10,60,Sandy loam,2.480845863,13,13,15,17,17,17,1,50.73,80,4504.98576
2B,Alternative3,Pond1,2,8,13,2,10,1,6,3,8,8,13,5,6,7,8,2,11,4,13,2,13,3,14,3,8,20.89978311,26.68614567,868.7,10.46666667,14.55,7,3.132112436,3.132112436,115.5147972,266.93,15,17,17,2,10,60,Sandy loam,2.480845863,13,14,15,17,17,17,1,50.73,80,4504.98576
2B,Alternative3,Pond1,10,8,13,2,10,1,6,3,8,8,13,5,6,7,8,2,11,4,13,2,13,3,14,3,8,20.89978311,26.68614567,868.7,10.46666667,14.55,7,3.132112436,3.132112436,115.5147972,266.93,15,17,17,2,10,60,Sandy loam,2.480845863,14,14,15,17,17,17,1,50.73,80,4504.98576
2B,Alternative3,Pond1,50,8,13,2,10,1,6,3,8,8,13,5,6,7,8,2,11,4,13,2,13,3,14,3,8,20.89978311,26.68614567,868.7,10.46666667,14.55,7,3.132112436,3.132112436,115.5147972,266.93,15,17,17,2,10,60,Sandy loam,2.480845863,15,13,15,17,17,17,1,50.73,80,4504.98576
2B,FWOP,Pond2,0,8,13,2,10,1,6,3,8,8,13,5,6,7,8,2,11,4,13,2,13,3,14,3,8,20.89978311,26.68614567,868.7,10.46666667,14.55,7,8.961562957,3.132112436,115.5147972,266.93,8,8,5,2,10,60,Sandy loam,2.480845863,5,10,8,13,13,13,1,50.73,80,4504.98576
2B,FWOP,Pond2,2,8,13,2,10,1,6,3,8,8,13,5,6,7,8,2,11,4,13,2,13,3,14,3,8,20.89978311,26.68614567,868.7,10.46666667,14.55,7,8.961562957,3.132112436,115.5147972,266.93,8,8,5,2,10,60,Sandy loam,2.480845863,5,10,8,13,13,13,1,50.73,80,4504.98576
2B,FWOP,Pond2,10,8,13,2,10,1,6,3,8,8,13,5,6,7,8,2,11,4,13,2,13,3,14,3,8,20.89978311,26.68614567,868.7,10.46666667,14.55,7,8.961562957,3.132112436,115.5147972,266.93,8,8,5,2,10,60,Sandy loam,2.480845863,5,10,8,13,13,13,1,50.73,80,4504.98576
2B,FWOP,Pond2,50,8,13,2,10,1,6,3,8,8,13,5,6,7,8,2,11,4,13,2,13,3,14,3,8,20.89978311,26.68614567,868.7,10.46666667,14.55,7,8.961562957,3.132112436,115.5147972,266.93,8,8,5,2,10,60,Sandy loam,2.480845863,5,10,8,13,13,13,1,50.73,80,4504.98576
2B,Alternative1,Pond2,0,16,17,13,17,11,13,13,13,13,17,13,13,15,15,11,17,11,17,10,17,13,17,11,13,20.89978311,26.68614567,868.7,10.46666667,14.55,7,3.132112436,3.132112436,115.5147972,266.93,18,18,17,2,80,80,Sandy loam,2.480845863,15,16,16,18,18,18,1,80,80,4504.98576
2B,Alternative1,Pond2,2,16,17,13,17,11,13,13,13,13,17,13,13,15,15,11,17,11,17,10,17,13,17,11,13,22.2767574,27.95159563,868.7,10.46666667,14.55,7,3.132112436,3.132112436,115.5147972,266.93,18,18,17,2,80,80,Sandy loam,2.480845863,16,17,16,18,18,18,1,80,80,4504.98576
2B,Alternative1,Pond2,10,17,17,14,18,12,14,14,14,14,18,14,14,16,16,12,18,11,18,11,18,14,17,12,13,22.2767574,27.95159563,868.7,10.46666667,14.55,7,3.132112436,3.132112436,115.5147972,266.93,18,18,17,2,80,80,Sandy loam,2.480845863,16,17,16,18,18,18,1,80,80,4504.98576
2B,Alternative1,Pond2,50,17,17,14,18,12,14,14,14,14,18,14,14,16,16,12,18,11,18,11,18,14,17,12,13,22.2767574,27.95159563,868.7,10.46666667,14.55,7,3.132112436,3.132112436,115.5147972,266.93,18,18,17,2,80,80,Sandy loam,2.480845863,17,16,16,18,18,18,1,80,80,4504.98576
2B,Alternative2,Pond2,0,17,18,13,17,13,13,13,13,13,17,13,13,16,16,13,17,11,17,11,17,13,17,12,13,20.89978311,26.68614567,868.7,10.46666667,14.55,7,3.132112436,3.132112436,115.5147972,266.93,18,18,17,2,80,80,Sandy loam,2.480845863,15,15,17,18,18,18,1,50.73,80,4504.98576
2B,Alternative2,Pond2,2,17,18,13,17,13,13,13,13,13,17,13,13,16,16,13,17,11,17,11,17,13,17,12,13,21.72112149,27.56074393,868.7,10.46666667,14.55,7,3.132112436,3.132112436,115.5147972,266.93,18,18,17,2,80,80,Sandy loam,2.480845863,16,16,17,18,18,18,1,50.73,80,4504.98576
2B,Alternative2,Pond2,10,18,18,14,18,14,14,14,14,14,18,14,14,17,17,14,18,12,18,12,18,14,17,12,13,21.72112149,27.56074393,868.7,10.46666667,14.55,7,3.132112436,3.132112436,115.5147972,266.93,18,18,17,2,80,80,Sandy loam,2.480845863,16,16,17,18,18,18,1,50.73,80,4504.98576
2B,Alternative2,Pond2,50,18,18,14,18,14,14,14,14,14,18,14,14,17,17,14,18,12,18,12,18,14,17,12,13,21.72112149,27.56074393,868.7,10.46666667,14.55,7,3.132112436,3.132112436,115.5147972,266.93,18,18,17,2,80,80,Sandy loam,2.480845863,17,15,17,18,18,18,1,50.73,80,4504.98576
2B,Alternative3,Pond2,0,8,13,2,10,1,6,3,8,8,13,5,6,7,8,2,11,4,13,2,13,3,14,3,8,20.89978311,26.68614567,868.7,10.46666667,14.55,7,3.132112436,3.132112436,115.5147972,266.93,15,17,17,2,10,60,Sandy loam,2.480845863,13,13,15,17,17,17,1,50.73,80,4504.98576
2B,Alternative3,Pond2,2,8,13,2,10,1,6,3,8,8,13,5,6,7,8,2,11,4,13,2,13,3,14,3,8,20.89978311,26.68614567,868.7,10.46666667,14.55,7,3.132112436,3.132112436,115.5147972,266.93,15,17,17,2,10,60,Sandy loam,2.480845863,13,14,15,17,17,17,1,50.73,80,4504.98576
2B,Alternative3,Pond2,10,8,13,2,10,1,6,3,8,8,13,5,6,7,8,2,11,4,13,2,13,3,14,3,8,20.89978311,26.68614567,868.7,10.46666667,14.55,7,3.132112436,3.132112436,115.5147972,266.93,15,17,17,2,10,60,Sandy loam,2.480845863,14,14,15,17,17,17,1,50.73,80,4504.98576
2B,Alternative3,Pond2,50,8,13,2,10,1,6,3,8,8,13,5,6,7,8,2,11,4,13,2,13,3,14,3,8,20.89978311,26.68614567,868.7,10.46666667,14.55,7,3.132112436,3.132112436,115.5147972,266.93,15,17,17,2,10,60,Sandy loam,2.480845863,15,13,15,17,17,17,1,50.73,80,4504.98576
3E,FWOP,None,0,13,13,11,11,6,6,12,12,12,12,11,11,13,13,10,10,13,13,13,13,14,14,10,10,7.729478182,12.48167588,1018.8,10.38333333,14.55,11,6.784459947,4.280669122,117.3271686,207.85,6,8,13,3,40,80,Sandy loam,2.502178659,8,13,8,13,8,11,0.821,106.91,40,2494.04496
3E,FWOP,None,2,13,13,11,11,6,6,12,12,12,12,11,11,13,13,10,10,13,13,13,13,14,14,10,10,7.729478182,12.48167588,1018.8,10.38333333,14.55,11,6.784459947,4.280669122,117.3271686,207.85,6,8,13,3,40,80,Sandy loam,2.502178659,8,13,8,13,8,11,0.821,106.91,40,2494.04496
3E,FWOP,None,10,13,13,11,11,6,6,12,12,12,12,11,11,13,13,10,10,13,13,13,13,14,14,10,10,7.729478182,12.48167588,1018.8,10.38333333,14.55,11,6.784459947,4.280669122,117.3271686,207.85,6,8,13,3,40,80,Sandy loam,2.502178659,8,13,8,13,8,11,0.821,106.91,40,2494.04496
3E,FWOP,None,50,13,13,11,11,6,6,12,12,12,12,11,11,13,13,10,10,13,13,13,13,14,14,10,10,7.729478182,12.48167588,1018.8,10.38333333,14.55,11,6.784459947,4.280669122,117.3271686,207.85,6,8,13,3,40,80,Sandy loam,2.502178659,8,13,8,13,8,11,0.821,106.91,40,2494.04496
3E,Alternative1,None,0,13,13,14,14,11,11,13,13,13,13,11,11,13,13,11,11,13,13,13,13,14,14,11,11,7.729478182,12.48167588,1018.8,10.38333333,14.55,18,4.280669122,4.280669122,117.3271686,117.3271686,12,13,13,3,40,80,Sandy loam,2.502178659,12,13,12,15,15,13,1,40,40,2494.04496
3E,Alternative1,None,2,13,13,14,14,11,11,13,13,13,13,11,11,13,13,11,11,13,13,13,13,14,14,11,11,7.729478182,12.48167588,1018.8,10.38333333,14.55,18,4.280669122,4.280669122,117.3271686,117.3271686,12,13,13,3,40,80,Sandy loam,2.502178659,12,13,12,15,15,13,1,40,40,2494.04496
3E,Alternative1,None,10,13,13,14,14,12,12,14,14,13,13,11,11,13,13,11,11,13,13,13,13,14,14,12,12,7.729478182,12.48167588,1018.8,10.38333333,14.55,18,4.280669122,4.280669122,117.3271686,117.3271686,12,13,13,3,40,80,Sandy loam,2.502178659,12,13,12,15,15,13,1,40,40,2494.04496
3E,Alternative1,None,50,13,13,14,14,12,12,14,14,13,13,11,11,13,13,11,11,13,13,13,13,14,14,12,12,7.729478182,12.48167588,1018.8,10.38333333,14.55,18,4.280669122,4.280669122,117.3271686,117.3271686,12,13,13,3,40,80,Sandy loam,2.502178659,12,13,12,15,15,13,1,40,40,2494.04496
3E,Alternative2,None,0,13,13,14,14,11,11,13,13,13,13,11,11,13,13,11,11,13,13,13,13,14,14,11,11,7.729478182,12.48167588,1018.8,10.38333333,14.55,18,6.784459947,4.280669122,117.3271686,207.85,12,13,13,3,40,80,Sandy loam,2.502178659,8,13,8,13,13,11,1,106.91,40,2494.04496
3E,Alternative2,None,2,13,13,14,14,11,11,13,13,13,13,11,11,13,13,11,11,13,13,13,13,14,14,11,11,7.729478182,12.48167588,1018.8,10.38333333,14.55,18,6.784459947,4.280669122,117.3271686,207.85,12,13,13,3,40,80,Sandy loam,2.502178659,8,13,8,13,13,11,1,106.91,40,2494.04496
3E,Alternative2,None,10,13,13,14,14,12,12,14,14,13,13,11,11,13,13,11,11,13,13,13,13,14,14,12,12,7.729478182,12.48167588,1018.8,10.38333333,14.55,18,6.784459947,4.280669122,117.3271686,207.85,12,13,13,3,40,80,Sandy loam,2.502178659,8,13,8,13,13,11,1,106.91,40,2494.04496
3E,Alternative2,None,50,13,13,14,14,12,12,14,14,13,13,11,11,13,13,11,11,13,13,13,13,14,14,12,12,7.729478182,12.48167588,1018.8,10.38333333,14.55,18,6.784459947,4.280669122,117.3271686,207.85,12,13,13,3,40,80,Sandy loam,2.502178659,8,13,8,13,13,11,1,106.91,40,2494.04496
3E,Alternative3,None,0,13,13,14,14,11,11,13,13,13,13,11,11,13,13,11,11,13,13,13,13,14,14,11,11,7.729478182,12.48167588,1018.8,10.38333333,14.55,18,6.784459947,4.280669122,117.3271686,207.85,12,13,13,3,40,80,Sandy loam,2.502178659,8,13,8,13,11,11,0.821,106.91,40,2494.04496
3E,Alternative3,None,2,13,13,14,14,11,11,13,13,13,13,11,11,13,13,11,11,13,13,13,13,14,14,11,11,7.729478182,12.48167588,1018.8,10.38333333,14.55,18,6.784459947,4.280669122,117.3271686,207.85,12,13,13,3,40,80,Sandy loam,2.502178659,8,13,8,13,11,11,0.821,106.91,40,2494.04496
3E,Alternative3,None,10,13,13,14,14,12,12,14,14,13,13,11,11,13,13,11,11,13,13,13,13,14,14,12,12,7.729478182,12.48167588,1018.8,10.38333333,14.55,18,6.784459947,4.280669122,117.3271686,207.85,12,13,13,3,40,80,Sandy loam,2.502178659,8,13,8,13,11,11,0.821,106.91,40,2494.04496
3E,Alternative3,None,50,13,13,14,14,12,12,14,14,13,13,11,11,13,13,11,11,13,13,13,13,14,14,12,12,7.729478182,12.48167588,1018.8,10.38333333,14.55,18,6.784459947,4.280669122,117.3271686,207.85,12,13,13,3,40,80,Sandy loam,2.502178659,8,13,8,13,11,11,0.821,106.91,40,2494.04496
3E,FWOP,Pond1,0,13,13,11,11,6,6,12,12,12,12,11,11,13,13,10,10,13,13,13,13,14,14,10,10,7.729478182,12.48167588,1018.8,10.38333333,14.55,11,6.784459947,4.280669122,117.3271686,207.85,6,8,13,3,40,80,Sandy loam,2.502178659,8,13,8,13,8,11,0.821,106.91,40,2494.04496
3E,FWOP,Pond1,2,13,13,11,11,6,6,12,12,12,12,11,11,13,13,10,10,13,13,13,13,14,14,10,10,7.729478182,12.48167588,1018.8,10.38333333,14.55,11,6.784459947,4.280669122,117.3271686,207.85,6,8,13,3,40,80,Sandy loam,2.502178659,8,13,8,13,8,11,0.821,106.91,40,2494.04496
3E,FWOP,Pond1,10,13,13,11,11,6,6,12,12,12,12,11,11,13,13,10,10,13,13,13,13,14,14,10,10,7.729478182,12.48167588,1018.8,10.38333333,14.55,11,6.784459947,4.280669122,117.3271686,207.85,6,8,13,3,40,80,Sandy loam,2.502178659,8,13,8,13,8,11,0.821,106.91,40,2494.04496
3E,FWOP,Pond1,50,13,13,11,11,6,6,12,12,12,12,11,11,13,13,10,10,13,13,13,13,14,14,10,10,7.729478182,12.48167588,1018.8,10.38333333,14.55,11,6.784459947,4.280669122,117.3271686,207.85,6,8,13,3,40,80,Sandy loam,2.502178659,8,13,8,13,8,11,0.821,106.91,40,2494.04496
3E,Alternative1,Pond1,0,13,13,14,14,11,11,13,13,13,13,11,11,13,13,11,11,13,13,13,13,14,14,11,11,7.729478182,12.48167588,1018.8,10.38333333,14.55,18,4.280669122,4.280669122,117.3271686,117.3271686,12,13,13,3,40,80,Sandy loam,2.502178659,12,13,12,15,15,13,1,40,40,2494.04496
3E,Alternative1,Pond1,2,13,13,14,14,11,11,13,13,13,13,11,11,13,13,11,11,13,13,13,13,14,14,11,11,7.729478182,12.48167588,1018.8,10.38333333,14.55,18,4.280669122,4.280669122,117.3271686,117.3271686,12,13,13,3,40,80,Sandy loam,2.502178659,12,13,12,15,15,13,1,40,40,2494.04496
3E,Alternative1,Pond1,10,13,13,14,14,12,12,14,14,13,13,11,11,13,13,11,11,13,13,13,13,14,14,12,12,7.729478182,12.48167588,1018.8,10.38333333,14.55,18,4.280669122,4.280669122,117.3271686,117.3271686,12,13,13,3,40,80,Sandy loam,2.502178659,12,13,12,15,15,13,1,40,40,2494.04496
3E,Alternative1,Pond1,50,13,13,14,14,12,12,14,14,13,13,11,11,13,13,11,11,13,13,13,13,14,14,12,12,7.729478182,12.48167588,1018.8,10.38333333,14.55,18,4.280669122,4.280669122,117.3271686,117.3271686,12,13,13,3,40,80,Sandy loam,2.502178659,12,13,12,15,15,13,1,40,40,2494.04496
3E,Alternative2,Pond1,0,13,13,14,14,11,11,13,13,13,13,11,11,13,13,11,11,13,13,13,13,14,14,11,11,7.729478182,12.48167588,1018.8,10.38333333,14.55,18,6.784459947,4.280669122,117.3271686,207.85,12,13,13,3,40,80,Sandy loam,2.502178659,8,13,8,13,13,11,1,106.91,40,2494.04496
3E,Alternative2,Pond1,2,13,13,14,14,11,11,13,13,13,13,11,11,13,13,11,11,13,13,13,13,14,14,11,11,7.729478182,12.48167588,1018.8,10.38333333,14.55,18,6.784459947,4.280669122,117.3271686,207.85,12,13,13,3,40,80,Sandy loam,2.502178659,8,13,8,13,13,11,1,106.91,40,2494.04496
3E,Alternative2,Pond1,10,13,13,14,14,12,12,14,14,13,13,11,11,13,13,11,11,13,13,13,13,14,14,12,12,7.729478182,12.48167588,1018.8,10.38333333,14.55,18,6.784459947,4.280669122,117.3271686,207.85,12,13,13,3,40,80,Sandy loam,2.502178659,8,13,8,13,13,11,1,106.91,40,2494.04496
3E,Alternative2,Pond1,50,13,13,14,14,12,12,14,14,13,13,11,11,13,13,11,11,13,13,13,13,14,14,12,12,7.729478182,12.48167588,1018.8,10.38333333,14.55,18,6.784459947,4.280669122,117.3271686,207.85,12,13,13,3,40,80,Sandy loam,2.502178659,8,13,8,13,13,11,1,106.91,40,2494.04496
3E,Alternative3,Pond1,0,13,13,14,14,11,11,13,13,13,13,11,11,13,13,11,11,13,13,13,13,14,14,11,11,7.729478182,12.48167588,1018.8,10.38333333,14.55,18,6.784459947,4.280669122,117.3271686,207.85,12,13,13,3,40,80,Sandy loam,2.502178659,8,13,8,13,11,11,0.821,106.91,40,2494.04496
3E,Alternative3,Pond1,2,13,13,14,14,11,11,13,13,13,13,11,11,13,13,11,11,13,13,13,13,14,14,11,11,7.729478182,12.48167588,1018.8,10.38333333,14.55,18,6.784459947,4.280669122,117.3271686,207.85,12,13,13,3,40,80,Sandy loam,2.502178659,8,13,8,13,11,11,0.821,106.91,40,2494.04496
3E,Alternative3,Pond1,10,13,13,14,14,12,12,14,14,13,13,11,11,13,13,11,11,13,13,13,13,14,14,12,12,7.729478182,12.48167588,1018.8,10.38333333,14.55,18,6.784459947,4.280669122,117.3271686,207.85,12,13,13,3,40,80,Sandy loam,2.502178659,8,13,8,13,11,11,0.821,106.91,40,2494.04496
3E,Alternative3,Pond1,50,13,13,14,14,12,12,14,14,13,13,11,11,13,13,11,11,13,13,13,13,14,14,12,12,7.729478182,12.48167588,1018.8,10.38333333,14.55,18,6.784459947,4.280669122,117.3271686,207.85,12,13,13,3,40,80,Sandy loam,2.502178659,8,13,8,13,11,11,0.821,106.91,40,2494.04496
3E,FWOP,Pond2,0,13,13,11,11,6,6,12,12,12,12,11,11,13,13,10,10,13,13,13,13,14,14,10,10,7.729478182,12.48167588,1018.8,10.38333333,14.55,11,6.784459947,4.280669122,117.3271686,207.85,6,8,13,3,40,80,Sandy loam,2.502178659,8,13,8,13,8,11,0.821,106.91,40,2494.04496
3E,FWOP,Pond2,2,13,13,11,11,6,6,12,12,12,12,11,11,13,13,10,10,13,13,13,13,14,14,10,10,7.729478182,12.48167588,1018.8,10.38333333,14.55,11,6.784459947,4.280669122,117.3271686,207.85,6,8,13,3,40,80,Sandy loam,2.502178659,8,13,8,13,8,11,0.821,106.91,40,2494.04496
3E,FWOP,Pond2,10,13,13,11,11,6,6,12,12,12,12,11,11,13,13,10,10,13,13,13,13,14,14,10,10,7.729478182,12.48167588,1018.8,10.38333333,14.55,11,6.784459947,4.280669122,117.3271686,207.85,6,8,13,3,40,80,Sandy loam,2.502178659,8,13,8,13,8,11,0.821,106.91,40,2494.04496
3E,FWOP,Pond2,50,13,13,11,11,6,6,12,12,12,12,11,11,13,13,10,10,13,13,13,13,14,14,10,10,7.729478182,12.48167588,1018.8,10.38333333,14.55,11,6.784459947,4.280669122,117.3271686,207.85,6,8,13,3,40,80,Sandy loam,2.502178659,8,13,8,13,8,11,0.821,106.91,40,2494.04496
3E,Alternative1,Pond2,0,13,13,14,14,11,11,13,13,13,13,11,11,13,13,11,11,13,13,13,13,14,14,11,11,7.729478182,12.48167588,1018.8,10.38333333,14.55,18,4.280669122,4.280669122,117.3271686,117.3271686,12,13,13,3,40,80,Sandy loam,2.502178659,12,13,12,15,15,13,1,40,40,2494.04496
3E,Alternative1,Pond2,2,13,13,14,14,11,11,13,13,13,13,11,11,13,13,11,11,13,13,13,13,14,14,11,11,7.729478182,12.48167588,1018.8,10.38333333,14.55,18,4.280669122,4.280669122,117.3271686,117.3271686,12,13,13,3,40,80,Sandy loam,2.502178659,12,13,12,15,15,13,1,40,40,2494.04496
3E,Alternative1,Pond2,10,13,13,14,14,12,12,14,14,13,13,11,11,13,13,11,11,13,13,13,13,14,14,12,12,7.729478182,12.48167588,1018.8,10.38333333,14.55,18,4.280669122,4.280669122,117.3271686,117.3271686,12,13,13,3,40,80,Sandy loam,2.502178659,12,13,12,15,15,13,1,40,40,2494.04496
3E,Alternative1,Pond2,50,13,13,14,14,12,12,14,14,13,13,11,11,13,13,11,11,13,13,13,13,14,14,12,12,7.729478182,12.48167588,1018.8,10.38333333,14.55,18,4.280669122,4.280669122,117.3271686,117.3271686,12,13,13,3,40,80,Sandy loam,2.502178659,12,13,12,15,15,13,1,40,40,2494.04496
3E,Alternative2,Pond2,0,13,13,14,14,11,11,13,13,13,13,11,11,13,13,11,11,13,13,13,13,14,14,11,11,7.729478182,12.48167588,1018.8,10.38333333,14.55,18,6.784459947,4.280669122,117.3271686,207.85,12,13,13,3,40,80,Sandy loam,2.502178659,8,13,8,13,13,11,1,106.91,40,2494.04496
3E,Alternative2,Pond2,2,13,13,14,14,11,11,13,13,13,13,11,11,13,13,11,11,13,13,13,13,14,14,11,11,7.729478182,12.48167588,1018.8,10.38333333,14.55,18,6.784459947,4.280669122,117.3271686,207.85,12,13,13,3,40,80,Sandy loam,2.502178659,8,13,8,13,13,11,1,106.91,40,2494.04496
3E,Alternative2,Pond2,10,13,13,14,14,12,12,14,14,13,13,11,11,13,13,11,11,13,13,13,13,14,14,12,12,7.729478182,12.48167588,1018.8,10.38333333,14.55,18,6.784459947,4.280669122,117.3271686,207.85,12,13,13,3,40,80,Sandy loam,2.502178659,8,13,8,13,13,11,1,106.91,40,2494.04496
3E,Alternative2,Pond2,50,13,13,14,14,12,12,14,14,13,13,11,11,13,13,11,11,13,13,13,13,14,14,12,12,7.729478182,12.48167588,1018.8,10.38333333,14.55,18,6.784459947,4.280669122,117.3271686,207.85,12,13,13,3,40,80,Sandy loam,2.502178659,8,13,8,13,13,11,1,106.91,40,2494.04496
3E,Alternative3,Pond2,0,13,13,14,14,11,11,13,13,13,13,11,11,13,13,11,11,13,13,13,13,14,14,11,11,7.729478182,12.48167588,1018.8,10.38333333,14.55,18,6.784459947,4.280669122,117.3271686,207.85,12,13,13,3,40,80,Sandy loam,2.502178659,8,13,8,13,11,11,0.821,106.91,40,2494.04496
3E,Alternative3,Pond2,2,13,13,14,14,11,11,13,13,13,13,11,11,13,13,11,11,13,13,13,13,14,14,11,11,7.729478182,12.48167588,1018.8,10.38333333,14.55,18,6.784459947,4.280669122,117.3271686,207.85,12,13,13,3,40,80,Sandy loam,2.502178659,8,13,8,13,11,11,0.821,106.91,40,2494.04496
3E,Alternative3,Pond2,10,13,13,14,14,12,12,14,14,13,13,11,11,13,13,11,11,13,13,13,13,14,14,12,12,7.729478182,12.48167588,1018.8,10.38333333,14.55,18,6.784459947,4.280669122,117.3271686,207.85,12,13,13,3,40,80,Sandy loam,2.502178659,8,13,8,13,11,11,0.821,106.91,40,2494.04496
3E,Alternative3,Pond2,50,13,13,14,14,12,12,14,14,13,13,11,11,13,13,11,11,13,13,13,13,14,14,12,12,7.729478182,12.48167588,1018.8,10.38333333,14.55,18,6.784459947,4.280669122,117.3271686,207.85,12,13,13,3,40,80,Sandy loam,2.502178659,8,13,8,13,11,11,0.821,106.91,40,2494.04496
3F,FWOP,None,0,13,13,11,11,6,6,12,12,12,12,11,11,13,13,10,10,13,13,13,13,14,14,10,10,18.10577455,25.95161018,877.2,10.5,14.7,3,5.350802219,4.432624697,109.7959744,133.38,12,10,11,3,40,80,Sandy loam,2.412523879,7,17,10,9,12,18,1,97.59,40,4381.59744
3F,FWOP,None,2,13,13,11,11,6,6,12,12,12,12,11,11,13,13,10,10,13,13,13,13,14,14,10,10,18.10577455,25.95161018,877.2,10.5,14.7,3,5.350802219,4.432624697,109.7959744,133.38,12,10,11,3,40,80,Sandy loam,2.412523879,7,17,10,9,12,18,1,97.59,40,4381.59744
3F,FWOP,None,10,13,13,11,11,6,6,12,12,12,12,11,11,13,13,10,10,13,13,13,13,14,14,10,10,18.10577455,25.95161018,877.2,10.5,14.7,3,5.350802219,4.432624697,109.7959744,133.38,11,9,10,3,40,80,Sandy loam,2.412523879,7,17,9,9,12,18,1,97.59,40,4381.59744
3F,FWOP,None,50,13,13,11,11,6,6,12,12,12,12,11,11,13,13,10,10,13,13,13,13,14,14,10,10,18.10577455,25.95161018,877.2,10.5,14.7,3,5.350802219,4.432624697,109.7959744,133.38,11,9,10,3,40,80,Sandy loam,2.412523879,7,17,9,9,12,18,1,97.59,40,4381.59744
3F,Alternative1,None,0,13,13,14,14,11,11,13,13,10,10,9,9,13,13,9,9,11,11,13,13,12,12,13,13,18.10577455,25.95161018,877.2,10.5,14.7,3,5.350802219,4.432624697,109.7959744,133.38,13,11,11,3,40,80,Sandy loam,2.412523879,10,19,15,12,15,20,1,97.59,40,4381.59744
3F,Alternative1,None,2,13,13,14,14,11,11,13,13,11,11,10,10,13,13,9,9,12,12,13,13,13,13,13,13,18.10577455,25.95161018,877.2,10.5,14.7,3,5.350802219,4.432624697,109.7959744,133.38,13,12,12,3,40,80,Sandy loam,2.412523879,11,19,15,12,15,20,1,97.59,40,4381.59744
3F,Alternative1,None,10,13,13,14,14,12,12,14,14,12,12,11,11,14,14,11,11,13,13,14,14,14,14,14,14,18.10577455,25.95161018,877.2,10.5,14.7,3,5.350802219,4.432624697,109.7959744,133.38,14,13,13,3,40,80,Sandy loam,2.412523879,13,19,16,12,15,20,1,97.59,40,4381.59744
3F,Alternative1,None,50,13,13,14,14,12,12,14,14,12,12,11,11,14,14,12,12,13,13,14,14,14,14,14,14,18.10577455,25.95161018,877.2,10.5,14.7,3,5.350802219,4.432624697,109.7959744,133.38,14,13,13,3,40,80,Sandy loam,2.412523879,13,19,16,12,15,20,1,97.59,40,4381.59744
3F,Alternative2,None,0,13,13,14,14,11,11,13,13,10,10,9,9,13,13,9,9,12,12,12,12,13,13,12,12,18.10577455,25.95161018,877.2,10.5,14.7,3,5.350802219,4.432624697,109.7959744,133.38,12,11,11,3,40,80,Sandy loam,2.412523879,10,18,14,11,13,19,1,97.59,40,4381.59744
3F,Alternative2,None,2,13,13,14,14,11,11,13,13,11,11,10,10,13,13,10,10,12,12,12,12,14,14,12,12,18.10577455,25.95161018,877.2,10.5,14.7,3,5.350802219,4.432624697,109.7959744,133.38,13,11,11,3,40,80,Sandy loam,2.412523879,11,18,14,11,13,19,1,97.59,40,4381.59744
3F,Alternative2,None,10,13,13,14,14,12,12,14,14,12,12,11,11,14,14,11,11,13,13,13,13,14,14,13,13,18.10577455,25.95161018,877.2,10.5,14.7,3,5.350802219,4.432624697,109.7959744,133.38,14,12,13,3,40,80,Sandy loam,2.412523879,12,18,15,11,13,19,1,97.59,40,4381.59744
3F,Alternative2,None,50,13,13,14,14,12,12,14,14,12,12,11,11,14,14,12,12,13,13,13,13,14,14,13,13,18.10577455,25.95161018,877.2,10.5,14.7,3,5.350802219,4.432624697,109.7959744,133.38,14,12,13,3,40,80,Sandy loam,2.412523879,12,18,15,11,13,19,1,97.59,40,4381.59744
3F,Alternative3,None,0,13,13,14,14,11,11,13,13,12,12,11,11,13,13,10,10,13,13,13,13,14,14,10,10,18.10577455,25.95161018,877.2,10.5,14.7,3,5.350802219,4.432624697,109.7959744,133.38,12,10,11,3,40,80,Sandy loam,2.412523879,7,17,10,10,11,18,1,97.59,40,4381.59744
3F,Alternative3,None,2,13,13,14,14,11,11,13,13,12,12,11,11,13,13,10,10,13,13,13,13,14,14,11,11,18.10577455,25.95161018,877.2,10.5,14.7,3,5.350802219,4.432624697,109.7959744,133.38,12,10,11,3,40,80,Sandy loam,2.412523879,7,17,10,10,11,18,1,97.59,40,4381.59744
3F,Alternative3,None,10,13,13,14,14,12,12,14,14,12,12,11,11,13,13,10,10,13,13,13,13,14,14,11,11,18.10577455,25.95161018,877.2,10.5,14.7,3,5.350802219,4.432624697,109.7959744,133.38,13,11,12,3,40,80,Sandy loam,2.412523879,7,17,11,10,11,18,1,97.59,40,4381.59744
3F,Alternative3,None,50,13,13,14,14,12,12,14,14,12,12,11,11,13,13,10,10,13,13,13,13,14,14,12,12,18.10577455,25.95161018,877.2,10.5,14.7,3,5.350802219,4.432624697,109.7959744,133.38,14,12,12,3,40,80,Sandy loam,2.412523879,7,17,11,10,11,18,1,97.59,40,4381.59744
3F,FWOP,Pond1,0,13,13,11,11,6,6,12,12,12,12,11,11,13,13,10,10,13,13,13,13,14,14,10,10,18.10577455,25.95161018,877.2,10.5,14.7,3,5.350802219,4.432624697,109.7959744,133.38,12,10,11,3,40,80,Sandy loam,2.412523879,7,17,10,9,12,18,1,97.59,40,4381.59744
3F,FWOP,Pond1,2,13,13,11,11,6,6,12,12,12,12,11,11,13,13,10,10,13,13,13,13,14,14,10,10,18.10577455,25.95161018,877.2,10.5,14.7,3,5.350802219,4.432624697,109.7959744,133.38,12,10,11,3,40,80,Sandy loam,2.412523879,7,17,10,9,12,18,1,97.59,40,4381.59744
3F,FWOP,Pond1,10,13,13,11,11,6,6,12,12,12,12,11,11,13,13,10,10,13,13,13,13,14,14,10,10,18.10577455,25.95161018,877.2,10.5,14.7,3,5.350802219,4.432624697,109.7959744,133.38,11,9,10,3,40,80,Sandy loam,2.412523879,7,17,9,9,12,18,1,97.59,40,4381.59744
3F,FWOP,Pond1,50,13,13,11,11,6,6,12,12,12,12,11,11,13,13,10,10,13,13,13,13,14,14,10,10,18.10577455,25.95161018,877.2,10.5,14.7,3,5.350802219,4.432624697,109.7959744,133.38,11,9,10,3,40,80,Sandy loam,2.412523879,7,17,9,9,12,18,1,97.59,40,4381.59744
3F,Alternative1,Pond1,0,13,13,14,14,11,11,13,13,13,10,9,9,13,13,9,9,11,11,13,13,12,12,13,13,18.10577455,25.95161018,877.2,10.5,14.7,3,5.350802219,4.432624697,109.7959744,133.38,13,11,11,3,40,80,Sandy loam,2.412523879,10,19,15,12,15,20,1,97.59,40,4381.59744
3F,Alternative1,Pond1,2,13,13,14,14,11,11,13,13,13,11,10,10,13,13,9,9,12,12,13,13,13,13,13,13,18.10577455,25.95161018,877.2,10.5,14.7,3,5.350802219,4.432624697,109.7959744,133.38,13,12,12,3,40,80,Sandy loam,2.412523879,11,19,15,12,15,20,1,97.59,40,4381.59744
3F,Alternative1,Pond1,10,13,13,14,14,12,12,14,14,13,12,11,11,14,14,11,11,13,13,14,14,14,14,14,14,18.10577455,25.95161018,877.2,10.5,14.7,3,5.350802219,4.432624697,109.7959744,133.38,14,13,13,3,40,80,Sandy loam,2.412523879,13,19,16,12,15,20,1,97.59,40,4381.59744
3F,Alternative1,Pond1,50,13,13,14,14,12,12,14,14,13,12,11,11,14,14,12,12,13,13,14,14,14,14,14,14,18.10577455,25.95161018,877.2,10.5,14.7,3,5.350802219,4.432624697,109.7959744,133.38,14,13,13,3,40,80,Sandy loam,2.412523879,13,19,16,12,15,20,1,97.59,40,4381.59744
3F,Alternative2,Pond1,0,13,13,14,14,11,11,13,13,13,10,9,9,13,13,9,9,12,12,12,12,13,13,12,12,18.10577455,25.95161018,877.2,10.5,14.7,3,5.350802219,4.432624697,109.7959744,133.38,12,11,11,3,40,80,Sandy loam,2.412523879,10,18,14,11,13,19,1,97.59,40,4381.59744
3F,Alternative2,Pond1,2,13,13,14,14,11,11,13,13,13,11,10,10,13,13,10,10,12,12,12,12,14,14,12,12,18.10577455,25.95161018,877.2,10.5,14.7,3,5.350802219,4.432624697,109.7959744,133.38,13,11,11,3,40,80,Sandy loam,2.412523879,11,18,14,11,13,19,1,97.59,40,4381.59744
3F,Alternative2,Pond1,10,13,13,14,14,12,12,14,14,13,12,11,11,14,14,11,11,13,13,13,13,14,14,13,13,18.10577455,25.95161018,877.2,10.5,14.7,3,5.350802219,4.432624697,109.7959744,133.38,14,12,13,3,40,80,Sandy loam,2.412523879,12,18,15,11,13,19,1,97.59,40,4381.59744
3F,Alternative2,Pond1,50,13,13,14,14,12,12,14,14,13,12,11,11,14,14,12,12,13,13,13,13,14,14,13,13,18.10577455,25.95161018,877.2,10.5,14.7,3,5.350802219,4.432624697,109.7959744,133.38,14,12,13,3,40,80,Sandy loam,2.412523879,12,18,15,11,13,19,1,97.59,40,4381.59744
3F,Alternative3,Pond1,0,13,13,14,14,11,11,13,13,13,12,11,11,13,13,10,10,13,13,13,13,14,14,10,10,18.10577455,25.95161018,877.2,10.5,14.7,3,5.350802219,4.432624697,109.7959744,133.38,12,10,11,3,40,80,Sandy loam,2.412523879,7,17,10,10,11,18,1,97.59,40,4381.59744
3F,Alternative3,Pond1,2,13,13,14,14,11,11,13,13,13,12,11,11,13,13,10,10,13,13,13,13,14,14,11,11,18.10577455,25.95161018,877.2,10.5,14.7,3,5.350802219,4.432624697,109.7959744,133.38,12,10,11,3,40,80,Sandy loam,2.412523879,7,17,10,10,11,18,1,97.59,40,4381.59744
3F,Alternative3,Pond1,10,13,13,14,14,12,12,14,14,13,12,11,11,13,13,10,10,13,13,13,13,14,14,11,11,18.10577455,25.95161018,877.2,10.5,14.7,3,5.350802219,4.432624697,109.7959744,133.38,13,11,12,3,40,80,Sandy loam,2.412523879,7,17,11,10,11,18,1,97.59,40,4381.59744
3F,Alternative3,Pond1,50,13,13,14,14,12,12,14,14,13,12,11,11,13,13,10,10,13,13,13,13,14,14,12,12,18.10577455,25.95161018,877.2,10.5,14.7,3,5.350802219,4.432624697,109.7959744,133.38,14,12,12,3,40,80,Sandy loam,2.412523879,7,17,11,10,11,18,1,97.59,40,4381.59744
3F,FWOP,Pond2,0,13,13,11,11,6,6,12,12,12,12,11,11,13,13,10,10,13,13,13,13,14,14,10,10,18.10577455,25.95161018,877.2,10.5,14.7,3,5.350802219,4.432624697,109.7959744,133.38,12,10,11,3,40,80,Sandy loam,2.412523879,7,17,10,9,12,18,1,97.59,40,4381.59744
3F,FWOP,Pond2,2,13,13,11,11,6,6,12,12,12,12,11,11,13,13,10,10,13,13,13,13,14,14,10,10,18.10577455,25.95161018,877.2,10.5,14.7,3,5.350802219,4.432624697,109.7959744,133.38,12,10,11,3,40,80,Sandy loam,2.412523879,7,17,10,9,12,18,1,97.59,40,4381.59744
3F,FWOP,Pond2,10,13,13,11,11,6,6,12,12,12,12,11,11,13,13,10,10,13,13,13,13,14,14,10,10,18.10577455,25.95161018,877.2,10.5,14.7,3,5.350802219,4.432624697,109.7959744,133.38,11,9,10,3,40,80,Sandy loam,2.412523879,7,17,9,9,12,18,1,97.59,40,4381.59744
3F,FWOP,Pond2,50,13,13,11,11,6,6,12,12,12,12,11,11,13,13,10,10,13,13,13,13,14,14,10,10,18.10577455,25.95161018,877.2,10.5,14.7,3,5.350802219,4.432624697,109.7959744,133.38,11,9,10,3,40,80,Sandy loam,2.412523879,7,17,9,9,12,18,1,97.59,40,4381.59744
3F,Alternative1,Pond2,0,13,13,14,14,11,11,13,13,13,10,9,9,13,13,9,9,11,11,13,13,12,12,13,13,18.10577455,25.95161018,877.2,10.5,14.7,3,5.350802219,4.432624697,109.7959744,133.38,13,11,11,3,40,80,Sandy loam,2.412523879,10,19,15,12,15,20,1,97.59,40,4381.59744
3F,Alternative1,Pond2,2,13,13,14,14,11,11,13,13,13,11,10,10,13,13,9,9,12,12,13,13,13,13,13,13,18.10577455,25.95161018,877.2,10.5,14.7,3,5.350802219,4.432624697,109.7959744,133.38,13,12,12,3,40,80,Sandy loam,2.412523879,11,19,15,12,15,20,1,97.59,40,4381.59744
3F,Alternative1,Pond2,10,13,13,14,14,12,12,14,14,13,12,11,11,14,14,11,11,13,13,14,14,14,14,14,14,18.10577455,25.95161018,877.2,10.5,14.7,3,5.350802219,4.432624697,109.7959744,133.38,14,13,13,3,40,80,Sandy loam,2.412523879,13,19,16,12,15,20,1,97.59,40,4381.59744
3F,Alternative1,Pond2,50,13,13,14,14,12,12,14,14,13,12,11,11,14,14,12,12,13,13,14,14,14,14,14,14,18.10577455,25.95161018,877.2,10.5,14.7,3,5.350802219,4.432624697,109.7959744,133.38,14,13,13,3,40,80,Sandy loam,2.412523879,13,19,16,12,15,20,1,97.59,40,4381.59744
3F,Alternative2,Pond2,0,13,13,14,14,11,11,13,13,13,10,9,9,13,13,9,9,12,12,12,12,13,13,12,12,18.10577455,25.95161018,877.2,10.5,14.7,3,5.350802219,4.432624697,109.7959744,133.38,12,11,11,3,40,80,Sandy loam,2.412523879,10,18,14,11,13,19,1,97.59,40,4381.59744
3F,Alternative2,Pond2,2,13,13,14,14,11,11,13,13,13,11,10,10,13,13,10,10,12,12,12,12,14,14,12,12,18.10577455,25.95161018,877.2,10.5,14.7,3,5.350802219,4.432624697,109.7959744,133.38,13,11,11,3,40,80,Sandy loam,2.412523879,11,18,14,11,13,19,1,97.59,40,4381.59744
3F,Alternative2,Pond2,10,13,13,14,14,12,12,14,14,13,12,11,11,14,14,11,11,13,13,13,13,14,14,13,13,18.10577455,25.95161018,877.2,10.5,14.7,3,5.350802219,4.432624697,109.7959744,133.38,14,12,13,3,40,80,Sandy loam,2.412523879,12,18,15,11,13,19,1,97.59,40,4381.59744
3F,Alternative2,Pond2,50,13,13,14,14,12,12,14,14,13,12,11,11,14,14,12,12,13,13,13,13,14,14,13,13,18.10577455,25.95161018,877.2,10.5,14.7,3,5.350802219,4.432624697,109.7959744,133.38,14,12,13,3,40,80,Sandy loam,2.412523879,12,18,15,11,13,19,1,97.59,40,4381.59744
3F,Alternative3,Pond2,0,13,13,14,14,11,11,13,13,13,12,11,11,13,13,10,10,13,13,13,13,14,14,10,10,18.10577455,25.95161018,877.2,10.5,14.7,3,5.350802219,4.432624697,109.7959744,133.38,12,10,11,3,40,80,Sandy loam,2.412523879,7,17,10,10,11,18,1,97.59,40,4381.59744
3F,Alternative3,Pond2,2,13,13,14,14,11,11,13,13,13,12,11,11,13,13,10,10,13,13,13,13,14,14,11,11,18.10577455,25.95161018,877.2,10.5,14.7,3,5.350802219,4.432624697,109.7959744,133.38,12,10,11,3,40,80,Sandy loam,2.412523879,7,17,10,10,11,18,1,97.59,40,4381.59744
3F,Alternative3,Pond2,10,13,13,14,14,12,12,14,14,13,12,11,11,13,13,10,10,13,13,13,13,14,14,11,11,18.10577455,25.95161018,877.2,10.5,14.7,3,5.350802219,4.432624697,109.7959744,133.38,13,11,12,3,40,80,Sandy loam,2.412523879,7,17,11,10,11,18,1,97.59,40,4381.59744
3F,Alternative3,Pond2,50,13,13,14,14,12,12,14,14,13,12,11,11,13,13,10,10,13,13,13,13,14,14,12,12,18.10577455,25.95161018,877.2,10.5,14.7,3,5.350802219,4.432624697,109.7959744,133.38,14,12,12,3,40,80,Sandy loam,2.412523879,7,17,11,10,11,18,1,97.59,40,4381.59744
19A,FWOP,None,0,11,11,12,12,10,10,7,7,13,13,7,7,10,10,10,10,13,13,10,10,12,12,11,11,7.962850909,23.08072727,1018.8,10.38333333,14.55,3,2.947540984,3.918628958,41.98960574,33.55,15,14,14,4,60,80,Sandy loam,1.421926275,19,19,12,15,3,3,0.3621,48.82,40,5026.9824
19A,FWOP,None,2,11,11,12,12,10,10,7,7,13,13,7,7,10,10,10,10,13,13,10,10,12,12,11,11,7.962850909,23.08072727,1018.8,10.38333333,14.55,3,2.947540984,3.918628958,41.98960574,33.55,15,14,14,4,60,80,Sandy loam,1.421926275,19,19,12,15,3,3,0.3621,48.82,40,5026.9824
19A,FWOP,None,10,11,11,12,12,10,10,7,7,13,13,7,7,10,10,10,10,13,13,10,10,12,12,11,11,7.962850909,23.08072727,1018.8,10.38333333,14.55,3,2.947540984,3.918628958,41.98960574,33.55,15,14,14,4,60,80,Sandy loam,1.421926275,19,19,12,15,3,3,0.3621,48.82,40,5026.9824
19A,FWOP,None,50,11,11,12,12,10,10,7,7,13,13,7,7,10,10,10,10,13,13,10,10,12,12,11,11,7.962850909,23.08072727,1018.8,10.38333333,14.55,3,2.947540984,3.918628958,41.98960574,33.55,15,14,14,4,60,80,Sandy loam,1.421926275,19,19,12,15,3,3,0.3621,48.82,40,5026.9824
19A,Alternative2,None,0,11,11,14,14,13,13,11,11,14,14,7,7,10,10,11,10,13,13,10,10,12,12,11,12,7.962850909,23.08072727,1018.8,10.38333333,14.55,18,2.947540984,3.918628958,41.98960574,33.55,15,14,14,4,60,80,Sandy loam,2.502178659,19,19,12,15,11,10,1,106.91,40,5026.9824
19A,Alternative2,None,2,11,11,14,14,13,13,11,11,14,14,7,7,10,10,11,10,13,13,10,10,12,12,11,12,13.00746753,28.12534389,1018.8,10.38333333,14.55,18,2.947540984,3.918628958,41.98960574,33.55,15,14,14,4,60,80,Sandy loam,2.502178659,19,19,12,15,11,10,1,106.91,40,5026.9824
19A,Alternative2,None,10,11,11,14,14,14,14,12,12,14,14,7,7,10,10,11,10,13,13,10,10,12,12,12,13,13.00746753,28.12534389,1018.8,10.38333333,14.55,18,2.947540984,3.918628958,41.98960574,33.55,15,14,14,4,60,80,Sandy loam,2.502178659,19,19,12,15,11,10,1,106.91,40,5026.9824
19A,Alternative2,None,50,11,11,14,14,14,14,12,12,14,14,7,7,10,10,11,10,13,13,10,10,12,12,12,13,13.00746753,28.12534389,1018.8,10.38333333,14.55,18,2.947540984,3.918628958,41.98960574,33.55,15,14,14,4,60,80,Sandy loam,2.502178659,19,19,12,15,11,10,1,106.91,40,5026.9824
19A,Alternative3,None,0,11,11,14,14,13,13,11,11,14,14,7,7,10,10,11,10,13,13,10,10,12,12,11,12,7.962850909,23.08072727,1018.8,10.38333333,14.55,18,2.947540984,3.918628958,41.98960574,33.55,15,14,14,4,60,80,Sandy loam,2.502178659,19,19,12,15,10,10,0.3621,106.91,40,5026.9824
19A,Alternative3,None,2,11,11,14,14,13,13,11,11,14,14,7,7,10,10,11,10,13,13,10,10,12,12,11,12,7.962850909,23.08072727,1018.8,10.38333333,14.55,18,2.947540984,3.918628958,41.98960574,33.55,15,14,14,4,60,80,Sandy loam,2.502178659,19,19,12,15,10,10,0.3621,106.91,40,5026.9824
19A,Alternative3,None,10,11,11,14,14,14,14,12,12,14,14,7,7,10,10,11,10,13,13,10,10,12,12,12,13,7.962850909,23.08072727,1018.8,10.38333333,14.55,18,2.947540984,3.918628958,41.98960574,33.55,15,14,14,4,60,80,Sandy loam,2.502178659,19,19,12,15,10,10,0.3621,106.91,40,5026.9824
19A,Alternative3,None,50,11,11,14,14,14,14,12,12,14,14,7,7,10,10,11,10,13,13,10,10,12,12,12,13,7.962850909,23.08072727,1018.8,10.38333333,14.55,18,2.947540984,3.918628958,41.98960574,33.55,15,14,14,4,60,80,Sandy loam,2.502178659,19,19,12,15,10,10,0.3621,106.91,40,5026.9824
19A,FWOP,Pond1,0,11,11,12,12,10,10,7,7,13,13,7,7,10,10,10,10,13,13,10,10,12,12,11,11,7.962850909,23.08072727,1018.8,10.38333333,14.55,3,2.947540984,3.918628958,41.98960574,33.55,15,14,14,4,60,80,Sandy loam,1.421926275,19,19,12,15,3,3,0.3621,48.82,40,5026.9824
19A,FWOP,Pond1,2,11,11,12,12,10,10,7,7,13,13,7,7,10,10,10,10,13,13,10,10,12,12,11,11,7.962850909,23.08072727,1018.8,10.38333333,14.55,3,2.947540984,3.918628958,41.98960574,33.55,15,14,14,4,60,80,Sandy loam,1.421926275,19,19,12,15,3,3,0.3621,48.82,40,5026.9824
19A,FWOP,Pond1,10,11,11,12,12,10,10,7,7,13,13,7,7,10,10,10,10,13,13,10,10,12,12,11,11,7.962850909,23.08072727,1018.8,10.38333333,14.55,3,2.947540984,3.918628958,41.98960574,33.55,15,14,14,4,60,80,Sandy loam,1.421926275,19,19,12,15,3,3,0.3621,48.82,40,5026.9824
19A,FWOP,Pond1,50,11,11,12,12,10,10,7,7,13,13,7,7,10,10,10,10,13,13,10,10,12,12,11,11,7.962850909,23.08072727,1018.8,10.38333333,14.55,3,2.947540984,3.918628958,41.98960574,33.55,15,14,14,4,60,80,Sandy loam,1.421926275,19,19,12,15,3,3,0.3621,48.82,40,5026.9824
19A,Alternative2,Pond1,0,11,11,14,14,13,13,11,11,14,14,7,7,10,10,11,10,13,13,10,10,12,12,11,12,7.962850909,23.08072727,1018.8,10.38333333,14.55,18,2.947540984,3.918628958,41.98960574,33.55,15,14,14,4,60,80,Sandy loam,2.502178659,19,19,12,15,11,10,1,106.91,40,5026.9824
19A,Alternative2,Pond1,2,11,11,14,14,13,13,11,11,14,14,7,7,10,10,11,10,13,13,10,10,12,12,11,12,13.00746753,28.12534389,1018.8,10.38333333,14.55,18,2.947540984,3.918628958,41.98960574,33.55,15,14,14,4,60,80,Sandy loam,2.502178659,19,19,12,15,11,10,1,106.91,40,5026.9824
19A,Alternative2,Pond1,10,11,11,14,14,14,14,12,12,14,14,7,7,10,10,11,10,13,13,10,10,12,12,12,13,13.00746753,28.12534389,1018.8,10.38333333,14.55,18,2.947540984,3.918628958,41.98960574,33.55,15,14,14,4,60,80,Sandy loam,2.502178659,19,19,12,15,11,10,1,106.91,40,5026.9824
19A,Alternative2,Pond1,50,11,11,14,14,14,14,12,12,14,14,7,7,10,10,11,10,13,13,10,10,12,12,12,13,13.00746753,28.12534389,1018.8,10.38333333,14.55,18,2.947540984,3.918628958,41.98960574,33.55,15,14,14,4,60,80,Sandy loam,2.502178659,19,19,12,15,11,10,1,106.91,40,5026.9824
19A,Alternative3,Pond1,0,11,11,14,14,13,13,11,11,14,14,7,7,10,10,11,10,13,13,10,10,12,12,11,12,7.962850909,23.08072727,1018.8,10.38333333,14.55,18,2.947540984,3.918628958,41.98960574,33.55,15,14,14,4,60,80,Sandy loam,2.502178659,19,19,12,15,10,10,0.3621,106.91,40,5026.9824
19A,Alternative3,Pond1,2,11,11,14,14,13,13,11,11,14,14,7,7,10,10,11,10,13,13,10,10,12,12,11,12,7.962850909,23.08072727,1018.8,10.38333333,14.55,18,2.947540984,3.918628958,41.98960574,33.55,15,14,14,4,60,80,Sandy loam,2.502178659,19,19,12,15,10,10,0.3621,106.91,40,5026.9824
19A,Alternative3,Pond1,10,11,11,14,14,14,14,12,12,14,14,7,7,10,10,11,10,13,13,10,10,12,12,12,13,7.962850909,23.08072727,1018.8,10.38333333,14.55,18,2.947540984,3.918628958,41.98960574,33.55,15,14,14,4,60,80,Sandy loam,2.502178659,19,19,12,15,10,10,0.3621,106.91,40,5026.9824
19A,Alternative3,Pond1,50,11,11,14,14,14,14,12,12,14,14,7,7,10,10,11,10,13,13,10,10,12,12,12,13,7.962850909,23.08072727,1018.8,10.38333333,14.55,18,2.947540984,3.918628958,41.98960574,33.55,15,14,14,4,60,80,Sandy loam,2.502178659,19,19,12,15,10,10,0.3621,106.91,40,5026.9824
19A,FWOP,Pond2,0,11,11,12,12,10,10,7,7,13,13,7,7,10,10,10,10,13,13,10,10,12,12,11,11,7.962850909,23.08072727,1018.8,10.38333333,14.55,3,2.947540984,3.918628958,41.98960574,33.55,15,14,14,4,60,80,Sandy loam,1.421926275,19,19,12,15,3,3,0.3621,48.82,40,5026.9824
19A,FWOP,Pond2,2,11,11,12,12,10,10,7,7,13,13,7,7,10,10,10,10,13,13,10,10,12,12,11,11,7.962850909,23.08072727,1018.8,10.38333333,14.55,3,2.947540984,3.918628958,41.98960574,33.55,15,14,14,4,60,80,Sandy loam,1.421926275,19,19,12,15,3,3,0.3621,48.82,40,5026.9824
19A,FWOP,Pond2,10,11,11,12,12,10,10,7,7,13,13,7,7,10,10,10,10,13,13,10,10,12,12,11,11,7.962850909,23.08072727,1018.8,10.38333333,14.55,3,2.947540984,3.918628958,41.98960574,33.55,15,14,14,4,60,80,Sandy loam,1.421926275,19,19,12,15,3,3,0.3621,48.82,40,5026.9824
19A,FWOP,Pond2,50,11,11,12,12,10,10,7,7,13,13,7,7,10,10,10,10,13,13,10,10,12,12,11,11,7.962850909,23.08072727,1018.8,10.38333333,14.55,3,2.947540984,3.918628958,41.98960574,33.55,15,14,14,4,60,80,Sandy loam,1.421926275,19,19,12,15,3,3,0.3621,48.82,40,5026.9824
19A,Alternative2,Pond2,0,11,11,14,14,13,13,11,11,14,14,7,7,10,10,11,10,13,13,10,10,12,12,11,12,7.962850909,23.08072727,1018.8,10.38333333,14.55,18,2.947540984,3.918628958,41.98960574,33.55,15,14,14,4,60,80,Sandy loam,2.502178659,19,19,12,15,11,10,1,106.91,40,5026.9824
19A,Alternative2,Pond2,2,11,11,14,14,13,13,11,11,14,14,7,7,10,10,11,10,13,13,10,10,12,12,11,12,13.00746753,28.12534389,1018.8,10.38333333,14.55,18,2.947540984,3.918628958,41.98960574,33.55,15,14,14,4,60,80,Sandy loam,2.502178659,19,19,12,15,11,10,1,106.91,40,5026.9824
19A,Alternative2,Pond2,10,11,11,14,14,14,14,12,12,14,14,7,7,10,10,11,10,13,13,10,10,12,12,12,13,13.00746753,28.12534389,1018.8,10.38333333,14.55,18,2.947540984,3.918628958,41.98960574,33.55,15,14,14,4,60,80,Sandy loam,2.502178659,19,19,12,15,11,10,1,106.91,40,5026.9824
19A,Alternative2,Pond2,50,11,11,14,14,14,14,12,12,14,14,7,7,10,10,11,10,13,13,10,10,12,12,12,13,13.00746753,28.12534389,1018.8,10.38333333,14.55,18,2.947540984,3.918628958,41.98960574,33.55,15,14,14,4,60,80,Sandy loam,2.502178659,19,19,12,15,11,10,1,106.91,40,5026.9824
19A,Alternative3,Pond2,0,11,11,14,14,13,13,11,11,14,14,7,7,10,10,11,10,13,13,10,10,12,12,11,12,7.962850909,23.08072727,1018.8,10.38333333,14.55,18,2.947540984,3.918628958,41.98960574,33.55,15,14,14,4,60,80,Sandy loam,2.502178659,19,19,12,15,10,10,0.3621,106.91,40,5026.9824
19A,Alternative3,Pond2,2,11,11,14,14,13,13,11,11,14,14,7,7,10,10,11,10,13,13,10,10,12,12,11,12,7.962850909,23.08072727,1018.8,10.38333333,14.55,18,2.947540984,3.918628958,41.98960574,33.55,15,14,14,4,60,80,Sandy loam,2.502178659,19,19,12,15,10,10,0.3621,106.91,40,5026.9824
19A,Alternative3,Pond2,10,11,11,14,14,14,14,12,12,14,14,7,7,10,10,11,10,13,13,10,10,12,12,12,13,7.962850909,23.08072727,1018.8,10.38333333,14.55,18,2.947540984,3.918628958,41.98960574,33.55,15,14,14,4,60,80,Sandy loam,2.502178659,19,19,12,15,10,10,0.3621,106.91,40,5026.9824
19A,Alternative3,Pond2,50,11,11,14,14,14,14,12,12,14,14,7,7,10,10,11,10,13,13,10,10,12,12,12,13,7.962850909,23.08072727,1018.8,10.38333333,14.55,18,2.947540984,3.918628958,41.98960574,33.55,15,14,14,4,60,80,Sandy loam,2.502178659,19,19,12,15,10,10,0.3621,106.91,40,5026.9824
